geneName	repeatClass	repeatName	Sample1	Sample2	Sample3	Sample4	Sample5	Sample6	Sample7	Sample8	Sample9	Sample10	Sample11
RPL10P1	LINE	CR1-11_Crp	0	0	0	0	0	0	0	0	0	0	0
FAM171A2	LINE	CR1-3_Croc	0	0	0	0	0	0	0	2	0	0	0
RP1-197O17.3	LINE	CR1-3_Croc	0	0	0	0	0	0	0	0	0	0	0
RP11-396O20.1	LINE	CR1-3_Croc	0	0	0	0	0	0	0	0	0	0	0
RPL7L1P5	LINE	CR1-3_Croc	0	0	0	0	0	0	0	2	0	0	0
AC108713.1	LINE	CR1-L3A_Croc	0	0	0	0	0	0	0	0	0	0	0
AC112778.1	LINE	HAL1	0	0	0	0	0	0	0	0	0	0	0
ARPC2	LINE	HAL1	0	0	0	0	0	0	0	0	0	0	0
CTD-2154H6.1	LINE	HAL1	0	0	0	0	0	0	0	0	0	0	0
DDX10P1	LINE	HAL1	0	0	0	0	0	0	0	0	0	0	0
EIF4ENIF1	LINE	HAL1	12	0	4	0	4	0	0	4	8	0	16
MIOS	LINE	HAL1	0	0	4	2	2	0	0	2	0	0	4
MIR6891	LINE	HAL1	0	0	0	0	0	0	0	0	0	0	0
MOBP	LINE	HAL1	0	0	0	0	0	0	0	0	0	0	0
MRPL49P1	LINE	HAL1	0	0	0	0	0	0	0	0	0	0	0
MYL8P	LINE	HAL1	0	0	0	0	0	0	0	0	0	0	0
PPIAP25	LINE	HAL1	0	0	0	0	0	0	0	0	0	0	0
RN7SL96P	LINE	HAL1	24	0	12	0	0	0	24	0	12	0	12
RP11-109P14.2	LINE	HAL1	0	0	0	0	0	0	0	0	0	0	0
RP11-50B3.4	LINE	HAL1	0	0	8	2	26	0	4	8	0	0	24
RPL31	LINE	HAL1	0	0	0	0	0	0	0	0	0	0	0
SLC25A5P6	LINE	HAL1	0	0	0	0	0	0	0	0	0	0	0
SNORD18	LINE	HAL1	2	0	0	4	0	0	4	0	0	0	0
STK33P1	LINE	HAL1	0	0	0	0	0	0	0	0	0	0	0
WDR64	LINE	HAL1	0	0	0	0	0	0	0	0	0	0	0
C8orf87	LINE	HAL1b	0	0	0	0	0	0	0	0	0	0	0
PEX3	LINE	HAL1b	0	0	0	2	0	0	2	2	0	2	0
RNA5SP221	LINE	HAL1b	0	0	0	2	0	0	2	2	0	2	0
RP4-803A2.2	LINE	HAL1b	0	0	0	0	0	0	0	0	0	0	0
STK33P1	LINE	HAL1b	0	0	0	0	0	0	2	0	0	0	0
RP11-500K19.2	LINE	HAL1M8	0	0	0	0	0	0	0	0	0	0	0
SMIM2-AS1	LINE	HAL1M8	0	0	0	0	0	0	0	0	0	0	0
AC091813.2	LINE	HAL1ME	0	0	0	0	0	0	0	0	0	0	0
AC098592.7	LINE	HAL1ME	0	0	0	0	0	0	0	0	0	0	0
AIG1P1	LINE	HAL1ME	2	8	16	24	24	10	32	16	6	2	10
MIS18A-AS1	LINE	HAL1ME	0	0	6	0	4	0	12	0	0	0	4
RP11-109P14.2	LINE	HAL1ME	0	0	0	0	0	0	0	0	0	0	0
RP11-264B17.4	LINE	HAL1ME	0	2	0	6	2	2	10	30	0	8	12
RP11-397P13.6	LINE	HAL1ME	36	2	42	0	50	4	152	30	24	2	0
RP11-50B3.4	LINE	HAL1ME	0	0	2	0	6	0	0	2	0	0	6
RP11-530A18.1	LINE	HAL1ME	0	0	0	0	0	0	0	0	0	0	0
RP11-583F2.7	LINE	HAL1ME	0	0	0	0	0	0	0	0	0	2	0
YOD1	LINE	HAL1ME	0	0	12	2	2	6	22	2	0	0	10
RN7SL691P	LINE	L1HS	0	0	0	0	0	0	0	0	0	0	0
AP001439.2	LINE	L1M	50	16	62	68	56	22	486	86	38	20	68
CCDC42	LINE	L1M	0	0	0	0	0	0	0	0	0	0	0
CTD-2529O21.2	LINE	L1M	0	0	4	4	0	0	0	0	4	0	4
CTD-2589H19.6	LINE	L1M	6	4	0	20	8	4	12	8	10	6	2
AC004386.4	LINE	L1M1	0	0	0	0	0	0	0	0	0	0	0
AC090044.2	LINE	L1M1	0	0	0	0	0	0	0	0	0	0	0
AL360297.1	LINE	L1M1	0	0	0	0	0	4	4	0	0	0	0
AP000959.2	LINE	L1M1	0	0	0	0	0	0	0	0	0	0	0
RN7SL353P	LINE	L1M1	0	0	0	0	0	0	0	0	0	2	0
RNA5SP283	LINE	L1M1	0	0	0	2	4	0	0	0	0	0	4
RNU6-1135P	LINE	L1M1	0	0	0	0	0	0	0	0	0	0	0
RP1-276J11.2	LINE	L1M1	0	0	0	0	0	0	0	0	0	0	0
RP11-111K18.2	LINE	L1M1	0	0	0	0	0	0	0	0	0	0	0
RP11-575H3.1	LINE	L1M1	0	0	0	8	2	0	2	0	0	0	0
RP11-8J9.5	LINE	L1M1	0	0	0	0	0	0	0	0	0	0	0
AC092669.6	LINE	L1M2	0	0	0	0	2	0	0	0	0	0	0
AC241377.1	LINE	L1M2	0	0	0	0	0	0	0	0	0	0	0
CICP16	LINE	L1M2	0	0	0	0	0	0	0	0	0	0	0
CICP19	LINE	L1M2	0	0	0	0	0	0	0	0	0	0	0
CYP2C58P	LINE	L1M2	0	0	0	0	0	0	0	0	0	2	0
DGCR9	LINE	L1M2	0	0	0	0	0	0	0	0	0	0	0
EID2	LINE	L1M2	0	0	0	0	0	0	0	0	0	0	0
GSC2	LINE	L1M2	0	0	0	0	0	0	0	0	0	0	0
KRT8P15	LINE	L1M2	0	0	0	0	0	0	0	0	0	0	0
LINC00851	LINE	L1M2	0	0	0	0	0	0	0	0	0	0	0
MARCH10	LINE	L1M2	0	0	0	0	0	0	0	0	0	0	0
RP11-1267H10.3	LINE	L1M2	0	0	0	0	2	0	0	0	0	0	0
RP11-385M4.3	LINE	L1M2	0	0	0	0	0	0	0	0	0	0	0
RP11-749H20.1	LINE	L1M2	0	0	0	0	0	0	0	0	0	0	0
SLC25A5P6	LINE	L1M2	0	0	0	0	0	0	0	0	0	0	0
NMNAT1P1	LINE	L1M2c	0	0	0	0	0	0	2	0	0	0	0
AC005288.1	LINE	L1M3	0	0	0	0	0	0	0	0	0	0	0
AL096700.1	LINE	L1M3	0	0	0	0	0	0	0	0	0	0	0
IGHV1-18	LINE	L1M3	0	0	0	0	0	0	0	0	0	0	0
RP11-30K9.1	LINE	L1M3	0	0	0	0	0	0	0	0	0	0	0
RP11-417J1.6	LINE	L1M3	0	0	0	0	0	0	0	0	0	0	0
RPS15AP40	LINE	L1M3c	0	0	0	0	0	0	0	0	0	0	0
RPS15AP40	LINE	L1M3d	0	0	0	0	2	0	0	0	0	0	0
AC007875.2	LINE	L1M4	0	0	0	0	4	0	12	0	0	0	0
ARPC3P1	LINE	L1M4	6	8	30	80	16	20	86	12	6	8	8
ATF4P1	LINE	L1M4	0	0	0	0	0	0	0	0	0	0	0
CICP16	LINE	L1M4	0	0	0	0	0	0	0	0	0	0	0
CICP19	LINE	L1M4	0	0	0	0	0	0	0	0	0	0	0
GSC2	LINE	L1M4	0	0	0	0	0	0	0	0	0	0	0
GTF3AP5	LINE	L1M4	0	0	0	0	0	0	0	0	0	0	0
HSP90AA5P	LINE	L1M4	0	0	0	0	0	0	0	0	0	0	2
HTR2B	LINE	L1M4	8	8	16	58	18	24	102	6	8	6	4
IGHD3OR15-3A	LINE	L1M4	0	0	0	0	0	0	0	0	0	0	0
IGHD3OR15-3B	LINE	L1M4	0	0	0	0	0	0	0	0	0	0	0
KCTD9P5	LINE	L1M4	12	2	0	0	0	4	0	22	4	2	0
KRT18P57	LINE	L1M4	2	0	4	14	8	0	10	0	0	6	0
MIR6781	LINE	L1M4	0	0	0	0	2	2	0	0	0	0	0
NUFIP1	LINE	L1M4	14	0	22	32	12	8	46	16	2	6	20
PCGEM1	LINE	L1M4	0	0	0	0	0	0	0	0	0	0	0
RP1-197O17.3	LINE	L1M4	0	0	0	0	0	0	0	0	0	0	0
RP1-28H20.3	LINE	L1M4	0	0	0	0	0	0	0	0	0	0	2
RP11-30K9.1	LINE	L1M4	0	0	0	0	0	4	0	0	0	0	0
RP11-547I7.1	LINE	L1M4	0	0	0	0	0	0	0	0	0	0	0
RPL29P22	LINE	L1M4	0	0	0	0	0	0	0	0	0	0	0
SERPINE4P	LINE	L1M4	0	0	0	0	0	0	0	0	0	0	0
UGT2B29P	LINE	L1M4	0	0	0	0	0	0	0	0	0	0	0
ZNF33BP1	LINE	L1M4	0	0	0	0	0	0	0	0	0	0	0
ZNF778	LINE	L1M4	0	0	0	0	2	0	0	0	0	0	0
MIR6891	LINE	L1M4a1	0	0	0	0	0	0	0	0	0	0	0
RP11-1078H9.5	LINE	L1M4a1	4	4	12	26	0	0	4	2	4	2	2
SLC29A3	LINE	L1M4a1	0	0	0	0	0	0	0	0	0	0	0
MIR6891	LINE	L1M4a2	0	0	0	0	0	0	0	0	0	0	0
RGPD6	LINE	L1M4a2	0	0	0	0	0	0	0	0	0	0	0
RN7SKP218	LINE	L1M4a2	0	0	0	0	0	0	0	0	0	0	0
RNA5SP460	LINE	L1M4b	0	0	0	0	0	0	0	0	0	0	0
CDY2A	LINE	L1M4c	0	0	0	0	0	0	0	0	0	0	0
ZNF33BP1	LINE	L1M4c	0	0	0	0	0	0	0	0	0	0	0
AC006050.2	LINE	L1M5	0	0	0	0	0	0	0	0	0	0	0
AC019205.2	LINE	L1M5	0	0	0	0	0	0	0	0	0	0	0
AC090044.2	LINE	L1M5	0	0	0	0	0	0	0	0	0	0	0
AC091813.2	LINE	L1M5	0	0	0	0	0	0	0	0	0	0	0
AC241377.1	LINE	L1M5	0	0	0	0	0	0	0	0	0	0	0
AL133493.2	LINE	L1M5	0	0	0	0	0	0	0	0	0	0	0
AL353147.1	LINE	L1M5	0	0	0	2	0	0	0	2	0	0	0
AP1S3	LINE	L1M5	0	0	0	0	0	0	1	0	0	0	0
ARPC3P1	LINE	L1M5	12	16	60	160	34	40	172	24	12	16	16
CHADL	LINE	L1M5	0	0	0	0	0	0	0	0	0	0	0
CRLF3	LINE	L1M5	2	0	0	0	0	0	0	0	0	4	0
CTC-241N9.1	LINE	L1M5	4	8	14	8	16	8	32	4	8	6	14
CTD-2016O11.1	LINE	L1M5	0	0	0	0	0	0	0	0	0	0	0
DGCR9	LINE	L1M5	0	0	0	0	0	0	0	0	0	0	0
FAM226B	LINE	L1M5	0	0	0	0	0	0	0	0	0	0	0
FAM76B	LINE	L1M5	48	16	32	104	32	32	184	56	0	16	8
FKSG70	LINE	L1M5	0	0	0	0	0	0	0	0	0	0	0
KB-226F1.2	LINE	L1M5	2	0	2	2	0	0	8	0	0	2	0
KRT18P57	LINE	L1M5	2	0	4	14	10	6	12	0	0	6	0
LALBA	LINE	L1M5	0	0	0	0	0	0	0	0	0	0	0
LDHAP4	LINE	L1M5	0	0	0	0	0	0	0	0	0	0	0
MAGEA9B	LINE	L1M5	0	0	0	0	0	0	0	0	0	0	0
MCMBP	LINE	L1M5	0	0	8	48	28	16	88	24	8	8	20
PRPF38B	LINE	L1M5	0	0	0	0	0	0	0	0	0	0	0
PURB	LINE	L1M5	0	0	0	0	0	0	0	0	0	0	0
RN7SL757P	LINE	L1M5	0	0	0	0	0	0	0	0	0	0	0
RNASE10	LINE	L1M5	0	0	0	0	0	0	0	0	0	0	0
RNU6-209P	LINE	L1M5	0	0	0	0	0	0	0	0	0	0	0
RNU6-282P	LINE	L1M5	22	2	20	22	26	16	40	8	2	12	22
RNU6-38P	LINE	L1M5	0	0	0	0	0	0	0	0	0	0	0
RNU6-749P	LINE	L1M5	0	0	0	0	0	0	0	0	0	0	0
RP11-1109M24.16	LINE	L1M5	0	0	0	0	0	0	0	0	0	0	0
RP11-281O15.7	LINE	L1M5	0	0	0	0	0	0	0	4	0	0	0
RP11-316I3.1	LINE	L1M5	0	0	0	0	0	0	0	0	0	0	0
RP11-348A7.1	LINE	L1M5	0	0	0	0	0	0	0	0	0	0	6
RP11-357G3.1	LINE	L1M5	12	4	6	24	8	8	42	4	4	2	16
RP11-452L6.7	LINE	L1M5	6	0	10	44	26	6	94	18	8	6	32
RP11-456O19.3	LINE	L1M5	0	0	0	0	0	0	0	0	0	0	0
RP11-511B23.1	LINE	L1M5	0	0	0	4	0	0	0	0	0	0	0
RP11-600F24.1	LINE	L1M5	0	4	0	0	0	0	4	0	0	0	0
RP11-628M2.1	LINE	L1M5	0	0	0	0	0	0	0	0	0	0	0
RP11-690C23.5	LINE	L1M5	0	0	0	0	0	0	0	0	0	0	0
RP11-749H20.1	LINE	L1M5	0	0	0	0	0	0	0	0	0	0	0
RP11-90B9.2	LINE	L1M5	0	0	12	12	0	0	6	0	0	6	0
RP3-468O1.6	LINE	L1M5	0	0	0	6	0	0	6	0	0	0	6
RP3-512E2.2	LINE	L1M5	2	0	0	2	0	0	0	0	2	0	0
RP5-1027O11.1	LINE	L1M5	0	0	0	0	0	0	0	0	0	0	0
RP5-1053E7.2	LINE	L1M5	4	0	0	4	0	0	4	0	0	0	0
RTKN2	LINE	L1M5	0	0	0	0	0	0	0	0	0	0	0
SEMA6B	LINE	L1M5	0	0	0	0	2	0	0	0	0	0	0
SPTY2D1-AS1	LINE	L1M5	0	0	0	0	0	0	0	0	0	0	0
TMEM184B	LINE	L1M5	0	0	0	0	0	0	0	0	0	0	0
TPRX1	LINE	L1M5	0	0	0	0	0	0	0	0	0	0	2
TUBG2	LINE	L1M5	0	0	0	0	0	0	0	0	0	0	0
UBE3AP2	LINE	L1M5	0	0	0	0	0	0	0	0	0	0	0
UGT2B29P	LINE	L1M5	0	0	0	0	0	0	0	0	0	0	0
ZNF619P1	LINE	L1M5	0	0	0	0	0	0	0	0	0	0	0
AL159140.1	LINE	L1M6	0	0	0	0	0	0	0	0	0	0	0
ATF4P1	LINE	L1M6	0	0	0	0	0	0	0	0	0	0	0
KLHL38	LINE	L1M6	0	0	0	0	0	0	0	0	0	0	0
RP11-752P2.1	LINE	L1M6	0	0	0	0	0	0	0	0	0	0	0
AC008836.1	LINE	L1M7	0	0	0	0	0	0	0	0	0	0	0
DDX10P1	LINE	L1M7	0	0	0	0	0	0	0	0	0	0	0
NMNAT1P1	LINE	L1M7	0	0	0	0	0	0	6	0	0	0	0
ZNF33AP1	LINE	L1M7	0	0	0	0	0	0	0	0	0	0	0
DDX10P1	LINE	L1M8	0	0	0	0	0	0	0	0	0	0	0
ATP5G2P3	LINE	L1MA1	4	4	14	8	16	8	32	2	4	2	8
RP11-285B24.1	LINE	L1MA1	0	0	0	0	0	0	0	0	0	0	0
SNORA16	LINE	L1MA1	12	4	4	12	16	4	144	8	8	0	44
ZNF81	LINE	L1MA1	0	0	0	0	0	0	0	0	0	0	0
FAM72A	LINE	L1MA10	0	0	0	0	0	0	0	0	0	0	0
OR5K4	LINE	L1MA10	0	0	0	0	0	0	0	0	0	0	0
RP5-991G20.1	LINE	L1MA10	0	0	2	0	0	0	0	0	0	0	8
TSACC	LINE	L1MA10	22	32	52	94	70	40	320	32	20	16	42
CYP4A26P	LINE	L1MA2	0	0	0	0	0	0	2	0	0	0	0
CYP2C58P	LINE	L1MA3	0	0	0	0	0	0	0	0	0	0	0
GRPEL2P2	LINE	L1MA3	0	0	0	0	0	0	0	0	0	0	0
MCMBP	LINE	L1MA3	0	0	4	24	14	8	44	12	4	4	10
RP11-231C14.8	LINE	L1MA3	0	0	0	0	0	0	4	0	0	0	0
CNOT7	LINE	L1MA4	6	4	10	42	14	14	58	10	16	0	32
CTB-70G10.1	LINE	L1MA4	0	0	0	0	0	0	0	0	0	0	0
GS1-388B5.8	LINE	L1MA4	0	0	0	0	0	0	0	0	0	0	0
RNASE10	LINE	L1MA4	0	0	0	0	0	0	0	0	0	0	0
RNU6-282P	LINE	L1MA4	16	2	14	48	58	38	88	20	16	18	30
RP11-206B11.1	LINE	L1MA4	0	0	0	0	0	0	0	0	0	0	0
RP11-281O15.7	LINE	L1MA4	0	0	0	0	0	0	0	6	0	0	0
RP11-500K19.2	LINE	L1MA4	0	0	0	0	0	0	0	0	0	0	0
RP5-991G20.1	LINE	L1MA4	0	0	2	0	0	0	0	0	0	0	8
TRMT112P6	LINE	L1MA4	0	0	2	2	4	0	0	0	0	2	4
AC007875.2	LINE	L1MA4A	0	0	0	0	2	0	6	0	0	0	0
AF238378.7	LINE	L1MA4A	0	0	0	0	0	0	0	0	0	0	0
KCTD9P5	LINE	L1MA4A	12	2	0	0	0	4	0	22	4	2	0
OR5K4	LINE	L1MA4A	0	0	0	0	0	0	0	0	0	0	0
RP1-292B18.1	LINE	L1MA4A	0	0	0	0	0	0	0	0	0	0	0
AC079117.3	LINE	L1MA5	0	0	0	0	0	0	0	0	0	0	0
AL121588.1	LINE	L1MA5	0	0	0	0	0	0	0	0	0	0	0
C1orf87	LINE	L1MA5	0	0	0	0	0	0	0	0	0	0	0
CASP14	LINE	L1MA5	0	0	0	0	0	0	2	0	0	0	0
CICP16	LINE	L1MA5	0	0	0	0	0	0	0	0	0	0	0
CICP19	LINE	L1MA5	0	0	0	0	0	0	0	0	0	0	0
IGHV3-21	LINE	L1MA5	0	0	0	0	0	0	0	0	0	0	0
RP11-15A1.7	LINE	L1MA5	0	2	8	6	4	6	28	0	4	0	4
RP11-23E10.3	LINE	L1MA5	0	0	0	0	0	0	0	0	0	0	0
SERPINE2	LINE	L1MA5	0	0	0	0	0	0	0	0	0	0	0
CCT3	LINE	L1MA5A	0	0	0	0	0	0	2	0	0	0	0
MTND1P21	LINE	L1MA5A	2	0	22	14	44	2	0	4	0	2	10
RP11-455J15.1	LINE	L1MA5A	0	0	0	0	0	0	0	0	0	0	0
RPL29P22	LINE	L1MA5A	0	0	0	0	0	0	0	0	0	0	0
ABBA01031664.1	LINE	L1MA6	0	0	0	0	0	0	0	0	0	0	0
AC079117.3	LINE	L1MA6	0	0	0	0	2	0	0	0	0	0	0
RPL10P1	LINE	L1MA6	0	0	0	0	0	0	0	0	0	0	0
snoU13	LINE	L1MA6	0	0	0	0	0	0	0	0	0	0	0
UBTFL5	LINE	L1MA6	0	0	0	0	0	0	0	0	0	0	0
AC007358.1	LINE	L1MA7	0	0	0	0	0	0	0	0	0	0	0
AC116609.1	LINE	L1MA7	0	0	0	0	0	0	0	0	0	0	0
AL513487.1	LINE	L1MA7	0	0	0	0	0	0	0	0	0	0	0
CTD-2023J5.1	LINE	L1MA7	0	0	0	0	0	0	0	0	0	0	0
LINC00851	LINE	L1MA7	0	0	0	0	0	0	0	0	0	0	0
OR2J1	LINE	L1MA7	0	0	0	0	0	0	0	0	0	0	0
OR2J2	LINE	L1MA7	0	0	0	0	0	0	0	0	0	0	0
RP11-1166P10.1	LINE	L1MA7	0	0	0	0	0	0	0	0	0	0	0
RP11-1360M22.2	LINE	L1MA7	0	0	0	0	0	0	0	0	0	0	0
RP11-669N7.3	LINE	L1MA7	0	0	0	0	0	0	0	0	0	0	0
RP11-722M1.1	LINE	L1MA7	0	0	0	0	0	0	0	0	0	0	0
RP11-812E19.5	LINE	L1MA7	0	0	0	0	0	0	0	0	0	0	0
RP3-332O11.2	LINE	L1MA7	0	0	0	0	0	0	0	0	0	0	0
RPIAP1	LINE	L1MA7	0	0	0	0	0	0	0	0	0	0	0
AC092669.6	LINE	L1MA8	0	0	0	0	0	0	0	0	0	0	0
CTD-3093M3.1	LINE	L1MA8	0	0	0	0	0	0	0	0	0	0	0
OR2J2	LINE	L1MA8	0	0	0	0	0	0	0	0	0	0	0
RP11-111H3.3	LINE	L1MA8	0	0	0	0	0	0	8	0	8	0	0
RP11-180C1.1	LINE	L1MA8	0	0	0	0	0	0	0	0	0	0	0
RP3-344J20.1	LINE	L1MA8	0	0	2	0	0	0	0	0	0	0	0
RPL10P1	LINE	L1MA8	0	0	0	0	0	0	0	0	0	0	0
SNORD113-3	LINE	L1MA8	0	0	0	0	0	0	0	0	0	0	0
snoU13	LINE	L1MA8	0	0	0	0	0	0	0	0	0	0	0
TRIM63	LINE	L1MA8	0	0	0	0	0	0	0	0	0	0	0
AC079610.2	LINE	L1MA9	0	4	16	20	6	4	50	14	6	2	26
AC112778.1	LINE	L1MA9	0	0	0	0	0	0	0	0	0	0	0
CASP14	LINE	L1MA9	0	0	0	0	0	0	2	0	0	0	0
CTD-2349P21.5	LINE	L1MA9	0	0	0	0	0	0	0	0	0	0	0
HAO1	LINE	L1MA9	0	0	0	0	0	0	0	0	0	0	0
IL23R	LINE	L1MA9	0	0	0	0	0	0	0	0	0	0	0
IRF2	LINE	L1MA9	0	0	0	0	0	0	0	0	0	0	0
KRTAP9-6	LINE	L1MA9	0	0	0	0	0	0	0	0	0	0	0
MOCS3	LINE	L1MA9	20	24	46	88	44	32	124	22	10	6	16
OR2W1	LINE	L1MA9	0	0	0	0	0	0	0	0	0	0	0
OR6W1P	LINE	L1MA9	0	0	0	0	0	0	0	0	0	0	0
RN7SKP218	LINE	L1MA9	0	0	0	0	0	0	0	0	0	0	0
RN7SL757P	LINE	L1MA9	0	0	0	0	0	0	0	0	0	0	0
RNU6-1135P	LINE	L1MA9	0	0	0	0	0	0	0	0	0	0	0
RP1-28H20.3	LINE	L1MA9	0	0	0	0	0	0	0	0	0	0	2
RP11-101P17.14	LINE	L1MA9	0	0	0	0	0	0	0	0	0	0	0
RP11-417J1.6	LINE	L1MA9	0	0	0	0	0	0	0	0	0	0	0
RP11-547I7.1	LINE	L1MA9	0	0	0	0	0	0	0	0	0	0	0
RP11-655G22.1	LINE	L1MA9	0	0	0	0	0	0	0	0	0	0	0
RP11-749H20.1	LINE	L1MA9	0	0	0	0	0	0	0	0	0	0	0
RP5-905H7.8	LINE	L1MA9	0	0	0	0	0	0	0	0	0	0	0
ZNF778	LINE	L1MA9	0	0	0	0	2	0	0	0	0	0	0
OR51E2	LINE	L1MB1	0	0	0	0	0	0	0	0	0	0	0
RAC1P8	LINE	L1MB1	0	0	0	0	0	0	0	0	0	0	0
RP1-131F15.3	LINE	L1MB2	0	0	0	0	0	0	0	0	0	0	0
RP11-600F24.1	LINE	L1MB2	0	2	0	0	0	0	2	0	0	0	0
RP11-848P1.4	LINE	L1MB2	8	8	8	36	0	4	56	16	0	12	0
RP5-991G20.1	LINE	L1MB2	0	0	2	0	0	0	0	0	0	0	8
AC007327.6	LINE	L1MB3	66	24	0	6	0	0	0	0	0	0	0
AF238378.7	LINE	L1MB3	0	0	0	0	0	0	0	0	0	0	0
CTB-164N12.1	LINE	L1MB3	0	0	0	0	0	0	0	0	0	0	0
CTD-2313F11.3	LINE	L1MB3	0	0	0	0	0	0	0	0	0	0	0
CTD-2529O21.2	LINE	L1MB3	0	0	2	2	0	0	0	0	2	0	2
DDX18P1	LINE	L1MB3	8	8	36	88	16	4	140	12	0	16	20
FAM72A	LINE	L1MB3	0	0	0	0	0	0	0	0	0	0	0
GCK	LINE	L1MB3	16	8	4	16	0	10	42	10	6	10	8
GS1-388B5.8	LINE	L1MB3	0	0	0	0	0	0	0	0	0	0	0
KRT18P57	LINE	L1MB3	2	0	4	14	8	2	10	0	0	6	0
LONRF3	LINE	L1MB3	0	0	0	0	0	0	0	0	0	0	0
MYL12A	LINE	L1MB3	0	0	16	18	4	20	4	12	0	4	0
NUFIP1	LINE	L1MB3	42	0	66	96	36	24	132	42	6	12	60
OR7E59P	LINE	L1MB3	0	0	0	0	0	0	0	0	0	0	0
PP2672	LINE	L1MB3	0	0	0	0	0	0	0	0	0	0	0
RP11-169K16.6	LINE	L1MB3	0	0	0	0	10	0	10	0	0	0	6
RP11-530A18.1	LINE	L1MB3	0	0	0	0	0	0	0	0	0	0	0
RP11-531A24.7	LINE	L1MB3	20	12	16	42	26	28	74	4	10	4	44
RP11-641C17.1	LINE	L1MB3	0	0	0	0	0	0	0	0	0	0	0
RP11-848P1.4	LINE	L1MB3	4	4	4	18	0	2	28	8	0	6	0
RP11-90B9.2	LINE	L1MB3	0	0	8	8	0	0	4	0	0	4	0
SEMA6B	LINE	L1MB3	0	0	0	0	6	0	0	0	0	0	0
SLC1A6	LINE	L1MB3	0	0	0	0	0	0	0	0	0	0	0
SNORD111	LINE	L1MB3	0	0	0	0	0	0	0	0	0	0	0
TUBG2	LINE	L1MB3	0	0	0	0	0	0	0	0	0	0	0
ZNF444	LINE	L1MB3	0	0	0	0	0	0	0	0	0	0	6
AC005758.1	LINE	L1MB4	0	0	0	0	0	0	0	0	0	0	0
AC116609.1	LINE	L1MB4	0	0	0	0	0	0	0	0	0	0	0
CHADL	LINE	L1MB4	0	0	0	0	0	0	0	0	0	0	0
CYCSP8	LINE	L1MB4	0	0	0	0	0	0	0	0	0	0	0
KB-1572G7.3	LINE	L1MB4	0	0	0	0	0	0	0	0	0	0	0
MBTPS2	LINE	L1MB4	0	0	0	0	0	0	0	0	0	0	0
RNU6-1129P	LINE	L1MB4	0	0	0	0	0	0	0	0	0	0	0
RNU7-90P	LINE	L1MB4	0	0	0	0	0	0	0	0	0	0	0
RP11-138H10.2	LINE	L1MB4	0	0	0	0	0	0	0	0	0	0	0
RP11-305A4.2	LINE	L1MB4	0	0	0	0	0	0	0	0	0	0	0
RP11-848P1.4	LINE	L1MB4	4	4	4	18	0	2	28	8	0	6	0
RP5-1053E7.2	LINE	L1MB4	4	0	0	4	0	0	4	0	0	0	0
RP5-836N17.4	LINE	L1MB4	0	0	0	0	2	0	0	0	0	0	0
RRM1-AS1	LINE	L1MB4	0	0	0	0	0	0	0	0	0	0	0
SERPINE4P	LINE	L1MB4	0	0	0	0	0	0	0	0	0	0	0
SNORD111	LINE	L1MB4	0	0	0	0	0	0	0	0	0	0	0
WDR64	LINE	L1MB4	0	0	0	0	0	0	0	0	0	0	0
AC092669.6	LINE	L1MB5	0	0	0	0	0	0	0	0	0	0	0
HNRNPCP2	LINE	L1MB5	0	0	0	0	0	0	0	0	0	0	0
NRM	LINE	L1MB5	0	0	0	0	0	0	0	0	0	0	0
PPIAP25	LINE	L1MB5	0	0	0	0	0	0	0	0	0	0	0
RP1-166H1.2	LINE	L1MB5	0	4	0	0	0	0	0	0	0	0	0
RP11-413H22.2	LINE	L1MB5	38	44	72	142	106	60	220	40	22	32	24
RP4-724E16.2	LINE	L1MB5	0	0	0	0	0	0	0	0	0	0	0
RPIAP1	LINE	L1MB5	0	0	0	0	0	0	0	0	0	0	0
SLC1A6	LINE	L1MB5	0	0	0	0	0	0	0	0	0	0	0
TXLNGY	LINE	L1MB5	0	0	0	0	0	0	0	0	0	0	0
Y_RNA	LINE	L1MB5	0	0	0	0	0	0	0	0	0	0	0
Z69666.2	LINE	L1MB5	6	0	4	8	4	6	16	4	2	2	10
AC006128.2	LINE	L1MB7	88	0	98	254	110	132	420	156	74	22	288
AC007551.1	LINE	L1MB7	0	0	0	0	0	0	0	0	0	0	0
ACTG1P12	LINE	L1MB7	0	0	0	0	0	0	0	0	0	0	0
ACTR1B	LINE	L1MB7	0	0	4	0	0	0	0	0	0	0	0
ATF4P1	LINE	L1MB7	0	0	0	0	0	0	0	0	0	0	0
CTD-2349P21.5	LINE	L1MB7	0	0	0	0	0	0	0	0	0	0	0
LINC01356	LINE	L1MB7	0	0	0	0	0	0	0	0	0	0	0
MOBP	LINE	L1MB7	0	0	0	0	0	0	0	0	0	0	0
MSX2P1	LINE	L1MB7	0	0	0	0	0	0	0	0	0	0	0
PLEKHB1	LINE	L1MB7	0	0	0	0	0	0	0	0	0	0	0
RN7SKP218	LINE	L1MB7	0	0	0	0	0	0	0	0	0	0	0
RNU6-1208P	LINE	L1MB7	0	0	0	0	0	2	0	0	0	0	0
RNU6-818P	LINE	L1MB7	0	4	0	0	0	0	4	0	0	0	0
RP11-20B24.6	LINE	L1MB7	8	4	24	12	52	4	104	16	4	4	12
RP3-512E2.2	LINE	L1MB7	2	0	0	2	0	0	0	0	2	0	0
RP5-1027O11.1	LINE	L1MB7	0	0	0	0	0	0	0	0	0	0	0
SNORA16	LINE	L1MB7	12	4	4	12	16	4	144	8	8	0	44
WI2-1896O14.1	LINE	L1MB7	0	0	8	0	20	4	0	0	0	0	4
AC004699.1	LINE	L1MB8	0	0	0	0	0	0	8	0	0	0	0
BEX1	LINE	L1MB8	0	0	0	0	0	0	0	0	0	0	0
C6orf118	LINE	L1MB8	0	0	0	0	2	0	0	0	2	0	0
CASP14	LINE	L1MB8	0	0	0	0	0	0	8	0	0	0	0
CH17-140K24.5	LINE	L1MB8	0	0	0	0	0	0	0	0	0	0	0
HNRNPA1P2	LINE	L1MB8	0	0	0	0	0	0	0	0	0	0	0
MCMBP	LINE	L1MB8	0	0	4	24	14	8	44	12	4	4	10
MIR6781	LINE	L1MB8	0	0	0	0	2	2	0	0	0	0	0
OR51C1P	LINE	L1MB8	0	0	0	0	0	0	0	0	0	0	0
OR51E2	LINE	L1MB8	0	0	0	0	0	0	0	0	0	0	0
PRMT3	LINE	L1MB8	0	0	0	0	0	0	0	0	0	0	0
RN7SKP218	LINE	L1MB8	0	0	0	0	0	0	0	0	0	0	0
RN7SL96P	LINE	L1MB8	16	0	8	0	0	0	16	0	8	0	8
RNA5SP278	LINE	L1MB8	8	10	6	8	2	8	34	6	6	6	12
RP11-15A1.7	LINE	L1MB8	2	2	16	10	10	8	40	6	4	0	4
RP11-215P8.4	LINE	L1MB8	0	0	0	0	0	0	0	0	0	0	0
RP11-30K9.1	LINE	L1MB8	0	0	0	0	0	4	0	0	0	0	0
RP11-372K20.1	LINE	L1MB8	0	0	0	0	0	0	0	0	0	0	0
ZBTB45P1	LINE	L1MB8	0	0	0	0	0	0	0	0	0	0	0
AC005758.1	LINE	L1MC	0	0	0	0	0	0	0	0	0	0	0
AC006050.2	LINE	L1MC	0	0	0	0	0	0	0	0	2	0	0
ASS1P9	LINE	L1MC	0	0	0	0	0	0	0	0	0	0	0
DDX3Y	LINE	L1MC	0	0	0	0	0	0	0	0	0	0	0
FAM226B	LINE	L1MC	0	0	0	0	0	0	0	0	0	0	0
IFNL3	LINE	L1MC	0	0	0	0	0	0	0	0	0	0	0
RP11-1017G21.5	LINE	L1MC	0	0	0	0	0	0	0	0	0	0	0
RP11-328P23.2	LINE	L1MC	0	0	0	0	0	0	0	0	0	0	4
RP11-375D13.4	LINE	L1MC	0	0	0	0	0	0	0	0	0	0	0
RP11-397P13.6	LINE	L1MC	108	6	126	0	144	12	444	90	72	6	0
RP3-468O1.6	LINE	L1MC	0	0	0	4	0	0	4	0	0	0	4
RP4-714D9.2	LINE	L1MC	0	0	0	0	0	0	0	0	0	0	0
VDAC1P2	LINE	L1MC	0	0	0	0	0	0	0	0	0	0	0
BTLA	LINE	L1MC1	0	0	0	0	0	0	0	0	0	0	0
CACNB3	LINE	L1MC1	0	0	0	0	0	0	0	0	0	0	0
CNOT7	LINE	L1MC1	6	4	10	42	14	14	58	10	16	0	32
FAM133CP	LINE	L1MC1	0	0	0	0	0	0	0	0	0	0	0
HECTD1	LINE	L1MC1	0	0	0	0	0	0	0	0	0	0	0
KIAA1107	LINE	L1MC1	0	0	0	0	0	0	0	0	0	0	0
KRT18P57	LINE	L1MC1	4	0	6	28	8	2	24	0	0	14	0
RNU6-1324P	LINE	L1MC1	0	0	0	0	0	0	0	0	0	2	0
RP11-385M4.3	LINE	L1MC1	0	0	0	0	0	0	0	0	0	0	0
RP11-6L6.4	LINE	L1MC1	0	0	0	0	0	0	0	0	0	0	0
SERPINE4P	LINE	L1MC1	0	0	0	0	0	0	0	0	0	0	0
SLC19A3	LINE	L1MC1	0	0	0	0	0	0	0	0	0	0	0
STK33P1	LINE	L1MC1	0	0	0	0	0	0	4	0	0	0	0
WI2-1896O14.1	LINE	L1MC1	0	0	12	0	30	6	0	0	0	0	6
RP11-1260E13.3	LINE	L1MC2	6	0	6	0	6	12	18	0	6	12	0
SLC39A9	LINE	L1MC2	206	216	480	504	290	290	1620	264	156	72	146
ACTG1P12	LINE	L1MC3	0	0	0	0	0	0	0	0	0	0	0
ANAPC1	LINE	L1MC3	0	0	0	0	0	0	0	0	0	0	0
AP003471.1	LINE	L1MC3	0	0	0	0	0	0	0	0	0	0	2
KB-1572G7.3	LINE	L1MC3	0	0	0	0	0	0	0	0	0	0	0
LRRC37B	LINE	L1MC3	0	0	0	0	0	0	0	0	0	0	0
MARCH8	LINE	L1MC3	0	0	0	0	0	0	0	0	0	0	0
RGPD6	LINE	L1MC3	0	0	0	0	0	0	0	0	0	0	0
RP11-20F18.1	LINE	L1MC3	0	0	0	0	0	0	0	0	0	0	0
RP11-327P2.5	LINE	L1MC3	8	8	16	42	14	14	44	18	6	4	6
AC069294.1	LINE	L1MC4	0	0	0	0	0	0	0	0	0	0	0
ACTR1B	LINE	L1MC4	0	0	2	0	6	0	0	0	0	2	0
AL162511.1	LINE	L1MC4	0	0	0	0	0	0	0	0	0	0	0
ARPC3P1	LINE	L1MC4	36	48	180	480	96	120	516	72	36	48	48
ATF4P1	LINE	L1MC4	0	0	0	0	0	0	0	0	0	0	0
BTBD1	LINE	L1MC4	0	0	0	0	0	0	0	0	0	0	0
CACNB3	LINE	L1MC4	0	0	0	0	0	0	0	0	0	0	0
CDRT15P2	LINE	L1MC4	0	0	0	0	0	0	0	0	0	0	0
KCTD9P5	LINE	L1MC4	48	8	0	0	0	16	0	88	16	8	0
KLHDC1	LINE	L1MC4	0	0	0	0	0	0	0	0	0	0	0
KLRG2	LINE	L1MC4	0	0	0	0	0	0	0	0	0	0	0
LALBA	LINE	L1MC4	0	0	0	0	0	0	0	0	0	0	0
MCMBP	LINE	L1MC4	0	0	8	48	28	16	88	24	8	8	20
MIR4513	LINE	L1MC4	6	4	0	2	0	0	18	2	2	4	6
PURB	LINE	L1MC4	0	0	0	0	0	0	0	0	0	0	0
RN7SKP242	LINE	L1MC4	0	0	0	0	0	0	0	0	0	0	0
RNU6-1208P	LINE	L1MC4	4	2	6	4	12	0	0	2	2	0	0
RP11-1017G21.5	LINE	L1MC4	0	0	0	0	0	0	0	0	0	0	0
RP11-15A1.7	LINE	L1MC4	8	8	64	40	40	32	160	24	16	0	16
RP11-336A10.2	LINE	L1MC4	20	16	36	76	60	48	188	36	12	16	40
RP11-358B23.6	LINE	L1MC4	180	40	130	410	200	150	340	100	90	120	200
Y_RNA	LINE	L1MC4	12	4	28	54	44	10	88	6	8	10	28
ZNF81	LINE	L1MC4	0	0	0	0	0	0	0	0	2	0	0
MIR4513	LINE	L1MC4a	12	8	0	4	0	0	36	4	4	8	12
RP11-51F16.9	LINE	L1MC4a	0	0	0	0	0	0	0	0	0	0	0
RP4-604K5.3	LINE	L1MC4a	8	2	4	20	2	6	56	12	0	0	0
ZNF32	LINE	L1MC4a	0	0	0	0	0	0	0	0	0	0	0
AC019205.2	LINE	L1MC5	4	0	12	8	0	8	48	4	0	0	0
AC069294.1	LINE	L1MC5	0	0	0	0	0	0	0	0	0	0	0
ADAMTS6	LINE	L1MC5	0	0	0	0	0	0	0	0	0	0	0
BRI3BP	LINE	L1MC5	0	0	8	12	0	4	28	0	16	0	8
EIF4ENIF1	LINE	L1MC5	12	0	6	0	4	0	0	4	8	0	16
FKSG70	LINE	L1MC5	0	0	0	0	0	0	0	0	0	0	0
HTR2B	LINE	L1MC5	8	8	16	58	18	24	102	6	8	6	4
INVS	LINE	L1MC5	30	6	54	78	0	90	270	0	24	60	24
KLHDC1	LINE	L1MC5	0	0	0	0	0	0	0	0	0	0	0
MIR4516	LINE	L1MC5	0	0	0	0	0	0	0	0	0	0	0
MRPL45P1	LINE	L1MC5	0	0	0	0	0	0	0	0	0	0	0
RN7SKP160	LINE	L1MC5	0	0	0	0	2	0	0	0	0	0	0
RP11-137L10.5	LINE	L1MC5	4	0	12	12	0	0	0	8	0	0	0
RP11-285B24.1	LINE	L1MC5	0	0	0	0	0	0	0	0	0	0	0
RP11-456O19.3	LINE	L1MC5	0	0	0	0	0	0	0	0	0	0	0
RPS15AP40	LINE	L1MC5	0	0	0	0	0	0	0	0	0	0	0
SNORA16	LINE	L1MC5	6	2	2	6	8	2	72	4	4	0	22
WEE2-AS1	LINE	L1MC5	34	28	92	152	42	86	324	36	28	32	16
AC019205.2	LINE	L1MC5a	4	0	12	8	0	8	48	4	0	0	0
AC079117.3	LINE	L1MC5a	0	0	0	0	0	0	0	0	0	0	0
ACTR1B	LINE	L1MC5a	0	0	2	0	0	0	0	0	0	0	0
ANO7	LINE	L1MC5a	0	0	0	0	0	0	0	0	0	0	0
ARMC3	LINE	L1MC5a	0	0	0	0	0	0	0	0	0	0	0
ARPC3P1	LINE	L1MC5a	6	8	30	80	16	20	86	12	6	8	8
ATF4P1	LINE	L1MC5a	0	0	0	0	0	0	0	0	0	0	0
CH17-140K24.5	LINE	L1MC5a	0	0	0	0	0	0	0	0	0	0	0
EMX1	LINE	L1MC5a	0	0	0	0	0	0	0	0	0	0	0
KLHDC1	LINE	L1MC5a	0	0	0	0	0	0	0	0	0	0	0
RP11-203M5.6	LINE	L1MC5a	0	0	8	0	0	0	6	6	6	0	0
RP11-231C14.8	LINE	L1MC5a	0	0	0	0	0	0	4	0	0	0	0
RP11-431K24.2	LINE	L1MC5a	0	0	0	0	0	0	0	0	0	0	0
RP11-677M14.2	LINE	L1MC5a	0	0	0	0	0	0	0	0	0	0	0
RP11-848P1.4	LINE	L1MC5a	10	4	6	14	12	2	40	2	14	6	4
RP5-1053E7.2	LINE	L1MC5a	4	0	0	4	0	0	4	0	0	0	0
SZRD1	LINE	L1MC5a	36	24	36	104	26	38	324	50	36	60	4
TRIM63	LINE	L1MC5a	0	0	0	0	0	0	0	0	0	0	0
Y_RNA	LINE	L1MC5a	0	0	0	0	0	0	0	0	0	0	0
AL360297.1	LINE	L1MCa	0	0	0	0	0	4	4	0	0	0	0
CRISP2	LINE	L1MCa	2	0	0	0	0	0	2	0	0	0	0
KRT18P57	LINE	L1MCa	4	0	8	28	16	0	20	0	0	12	0
LINC01021	LINE	L1MCa	0	0	0	0	4	0	0	0	0	0	0
RNU6-818P	LINE	L1MCa	0	12	0	0	0	0	12	0	0	0	0
RP11-500K19.2	LINE	L1MCa	0	0	0	0	0	0	0	0	0	0	0
RP11-655G22.1	LINE	L1MCa	0	0	0	0	0	0	0	0	0	0	0
RP11-65B23.5	LINE	L1MCa	0	0	0	0	0	0	0	0	0	0	0
RPL21P8	LINE	L1MCa	24	8	88	32	80	8	280	24	0	16	54
Y_RNA	LINE	L1MCa	0	0	0	0	0	0	0	0	0	0	0
IGHV1-18	LINE	L1MCb	0	0	0	0	0	0	0	0	0	0	0
RP11-20F18.1	LINE	L1MCb	0	0	0	0	0	0	0	0	0	0	0
RP11-281O15.7	LINE	L1MCb	0	0	0	0	0	0	0	2	0	0	0
RP4-604K5.3	LINE	L1MCb	8	2	4	20	2	6	56	12	0	0	0
AL096700.1	LINE	L1MD	0	0	0	0	0	0	0	0	0	0	0
CRISP2	LINE	L1MD	0	0	0	0	0	0	2	0	0	0	0
CTD-2589H19.6	LINE	L1MD	18	12	0	60	24	12	36	24	30	18	6
HDLBP	LINE	L1MD	36	14	44	104	32	36	210	36	14	4	0
KCTD9P5	LINE	L1MD	36	6	0	0	0	12	0	66	12	6	0
KRT18P57	LINE	L1MD	2	0	4	14	8	0	10	0	0	6	0
MAGEA9B	LINE	L1MD	0	0	0	0	0	0	0	0	0	0	0
MIR6891	LINE	L1MD	0	0	0	0	0	0	0	0	0	0	0
RNU6-38P	LINE	L1MD	0	0	0	0	0	0	0	0	0	0	0
RP11-677N16.1	LINE	L1MD	16	0	0	126	24	20	52	10	16	30	0
RP11-713C19.2	LINE	L1MD	0	0	0	0	0	0	0	0	0	0	0
KRT8P15	LINE	L1MD1	0	0	0	0	0	0	0	0	0	0	0
MELK	LINE	L1MD1	0	0	0	4	0	0	0	0	0	0	0
SERPINE2	LINE	L1MD1	0	0	0	0	0	0	0	0	0	0	0
SLC25A5P6	LINE	L1MD1	0	0	0	0	0	0	0	0	0	0	0
LINC01471	LINE	L1MD2	0	0	0	0	0	0	0	0	0	0	0
PDHB	LINE	L1MD2	0	0	0	0	12	0	0	0	0	0	0
PEX3	LINE	L1MD2	0	2	4	8	4	2	2	2	0	0	20
RGPD6	LINE	L1MD2	0	0	0	0	0	0	0	0	0	0	0
RNA5SP221	LINE	L1MD2	0	2	4	8	4	2	2	2	0	0	20
RP11-157L3.10	LINE	L1MD2	0	0	0	0	0	0	0	0	0	0	0
RP11-285B24.1	LINE	L1MD2	0	0	0	0	0	0	0	0	0	0	0
RP11-531A24.7	LINE	L1MD2	0	0	0	0	0	0	0	0	0	0	0
RPS15AP40	LINE	L1MD2	0	0	0	0	4	0	0	0	0	0	0
SERPINE4P	LINE	L1MD2	0	0	0	0	0	0	0	0	0	0	0
SNORD67	LINE	L1MD2	0	0	6	0	0	0	0	0	0	0	0
SSXP3	LINE	L1MD2	0	0	0	0	0	0	0	0	0	0	0
TBL2	LINE	L1MD2	0	0	0	0	0	0	0	0	0	0	4
Y_RNA	LINE	L1MD2	0	2	0	0	0	0	4	0	0	0	0
ZNF81	LINE	L1MD2	0	0	0	0	0	0	0	0	0	0	0
AC009973.1	LINE	L1MD3	0	2	6	0	12	2	28	0	0	0	8
RP1-63G5.5	LINE	L1MD3	0	0	0	0	0	0	0	0	0	0	0
RP1-91G5.3	LINE	L1MD3	0	0	0	0	0	0	0	0	0	0	0
RP11-1267H10.3	LINE	L1MD3	0	0	0	0	6	0	0	0	0	0	0
RP11-111H3.3	LINE	L1MDa	0	0	0	0	0	0	2	0	2	0	0
ZNF619P1	LINE	L1MDa	0	0	0	0	0	0	0	0	0	0	0
RP11-157L3.10	LINE	L1MDb	0	0	0	0	0	0	0	0	0	0	0
AC009302.4	LINE	L1ME1	0	0	0	0	0	0	0	0	0	0	0
AC091813.2	LINE	L1ME1	0	0	0	0	0	0	0	0	0	0	0
ARMC3	LINE	L1ME1	0	0	0	0	0	0	0	0	0	0	0
ARPC3P1	LINE	L1ME1	18	24	90	240	48	60	258	36	18	24	24
CGRRF1	LINE	L1ME1	0	0	0	0	0	0	0	0	0	0	0
IGHV3-21	LINE	L1ME1	0	0	0	0	0	0	0	0	0	0	0
KDF1	LINE	L1ME1	0	0	0	0	0	0	0	0	0	0	0
MAB21L1	LINE	L1ME1	6	0	4	18	0	2	16	2	4	6	10
MIR6891	LINE	L1ME1	0	0	0	0	0	0	0	0	0	0	0
MYOM1	LINE	L1ME1	0	0	0	0	0	0	0	0	0	0	0
NUS1P4	LINE	L1ME1	0	0	0	0	0	0	0	0	0	0	0
OR5K4	LINE	L1ME1	0	0	0	0	0	0	0	0	0	0	0
PRPF38B	LINE	L1ME1	0	0	0	0	0	0	0	0	0	0	0
RP11-1166P10.1	LINE	L1ME1	0	0	0	0	0	0	0	0	0	0	0
RP11-285B24.1	LINE	L1ME1	0	0	0	0	0	0	0	0	0	0	0
RP11-30K9.1	LINE	L1ME1	0	0	0	0	0	0	0	0	0	0	0
RP11-677N16.1	LINE	L1ME1	32	0	0	252	48	40	104	20	32	60	0
RP5-991G20.1	LINE	L1ME1	0	0	4	0	0	0	0	0	0	0	16
VDAC1P2	LINE	L1ME1	0	0	0	0	0	0	0	0	0	0	0
AC241377.1	LINE	L1ME2	0	0	0	0	0	0	0	0	0	0	0
AC244021.1	LINE	L1ME2	0	0	0	0	0	0	0	0	0	0	0
CACNA1H	LINE	L1ME2	0	0	0	0	0	0	0	0	0	0	0
EGOT	LINE	L1ME2	4	0	40	12	8	4	0	0	8	0	20
FAM226B	LINE	L1ME2	0	0	0	0	0	0	0	0	0	0	0
ITM2C	LINE	L1ME2	0	0	0	0	0	0	0	0	0	0	0
KIF26B	LINE	L1ME2	0	0	0	0	0	0	0	0	0	0	0
KRT8P15	LINE	L1ME2	0	0	0	0	0	0	0	0	0	0	0
MCMBP	LINE	L1ME2	0	0	4	26	14	8	44	12	4	4	10
RNU6-962P	LINE	L1ME2	0	0	0	0	0	0	0	0	0	0	4
RP11-369E15.4	LINE	L1ME2	0	0	0	0	0	0	0	0	0	0	0
RP11-375D13.4	LINE	L1ME2	0	0	0	0	0	0	0	0	0	0	0
RP11-500K19.2	LINE	L1ME2	0	0	0	0	0	0	0	0	0	0	0
RP11-666A8.12	LINE	L1ME2	0	0	16	0	0	0	0	0	0	0	0
RP11-677N16.1	LINE	L1ME2	32	0	0	252	48	40	104	20	32	60	0
SNORD1C	LINE	L1ME2	0	0	16	0	0	0	0	0	0	0	0
ANKRD20A3	LINE	L1ME2z	0	0	0	0	0	0	0	0	0	0	0
DDX10P1	LINE	L1ME2z	0	0	0	0	0	0	0	0	0	0	0
MBTPS2	LINE	L1ME2z	0	0	0	0	2	0	0	0	0	0	0
RN7SL757P	LINE	L1ME2z	0	0	0	0	0	0	0	0	0	0	0
RNA5SP221	LINE	L1ME2z	0	2	4	8	4	2	2	2	2	0	20
RP11-254F7.3	LINE	L1ME2z	0	0	0	0	0	0	0	0	0	0	0
RP11-72H11.1	LINE	L1ME2z	0	0	0	0	0	0	0	0	0	0	0
SNORD15A	LINE	L1ME2z	0	0	0	0	0	0	0	0	0	0	0
BRINP2	LINE	L1ME3	0	0	0	0	0	0	0	0	0	0	0
CNOT11	LINE	L1ME3	0	0	0	0	0	0	20	0	0	0	0
DGCR9	LINE	L1ME3	0	0	0	0	0	0	0	0	0	0	0
GAN	LINE	L1ME3	0	0	0	0	0	0	0	0	0	0	0
LDHAP4	LINE	L1ME3	0	0	0	0	0	6	0	0	0	0	0
RNU7-137P	LINE	L1ME3	0	0	0	0	0	0	0	0	0	0	0
TMPRSS4-AS1	LINE	L1ME3	0	0	0	0	0	0	2	0	0	0	0
AC004699.1	LINE	L1ME3A	0	0	0	0	0	0	2	0	0	0	0
AC010146.1	LINE	L1ME3A	0	0	0	0	0	0	0	0	0	0	0
ACTR1B	LINE	L1ME3A	0	0	4	0	2	0	0	0	0	0	0
ADAMTS6	LINE	L1ME3A	0	0	0	0	0	0	0	0	0	0	0
ASTL	LINE	L1ME3A	0	0	0	0	0	0	0	0	0	0	0
BRI3BP	LINE	L1ME3A	0	0	0	0	0	0	0	0	0	0	0
C8orf87	LINE	L1ME3A	0	0	0	0	0	0	0	0	0	0	0
CASP14	LINE	L1ME3A	0	0	0	0	0	0	2	0	0	0	0
ITM2C	LINE	L1ME3A	0	0	0	0	0	0	0	0	0	0	0
MIR4513	LINE	L1ME3A	18	12	0	6	0	0	56	6	6	12	18
MIR6781	LINE	L1ME3A	0	0	0	0	4	4	0	0	0	0	0
MTND2P16	LINE	L1ME3A	0	0	0	0	0	0	0	0	0	0	0
NUFIP1	LINE	L1ME3A	14	0	22	32	12	8	44	14	2	4	20
RP1-288M22.2	LINE	L1ME3A	0	0	0	0	0	0	0	0	0	0	0
RP11-371I20.2	LINE	L1ME3A	0	0	0	0	0	0	0	0	0	0	0
RP3-462C17.1	LINE	L1ME3A	0	0	0	0	0	0	0	0	0	0	0
SLC29A3	LINE	L1ME3A	0	0	0	0	0	0	0	0	0	0	0
ST3GAL5-AS1	LINE	L1ME3A	8	0	0	0	12	8	32	4	0	0	8
TMEM212-IT1	LINE	L1ME3A	0	0	0	0	0	0	0	0	0	0	0
AC112778.1	LINE	L1ME3B	0	0	0	0	0	0	0	0	0	0	0
CTD-2014B16.1	LINE	L1ME3B	0	0	0	0	0	0	0	0	0	0	0
CTD-2017C7.3	LINE	L1ME3B	48	64	0	2	0	0	0	0	24	0	0
EID2	LINE	L1ME3B	0	0	0	0	0	0	0	0	0	0	0
HIST1H1E	LINE	L1ME3B	0	0	0	0	0	0	0	0	0	0	0
IGHD3OR15-3A	LINE	L1ME3B	0	0	0	0	0	0	0	0	0	0	0
IGHD3OR15-3B	LINE	L1ME3B	0	0	0	0	0	0	0	0	0	0	0
SMIM2-AS1	LINE	L1ME3B	0	0	0	0	0	0	0	0	0	0	0
Y_RNA	LINE	L1ME3B	0	0	0	0	0	0	0	0	0	0	0
AC090018.1	LINE	L1ME3C	0	0	0	0	0	0	0	0	0	0	0
KLHL20	LINE	L1ME3C	0	0	0	0	0	0	0	0	0	0	0
CHADL	LINE	L1ME3Cz	0	0	0	0	0	0	0	0	0	0	0
CKMT1B	LINE	L1ME3Cz	0	0	12	0	4	0	0	0	0	0	4
PEX3	LINE	L1ME3Cz	0	0	0	2	0	0	4	0	0	0	0
PFAS	LINE	L1ME3Cz	12	0	44	36	12	12	96	24	2	6	16
RNA5SP221	LINE	L1ME3Cz	0	0	0	2	0	0	4	0	0	0	0
RNU4-54P	LINE	L1ME3Cz	0	0	0	0	0	0	0	0	0	0	0
RP11-449P1.1	LINE	L1ME3Cz	0	0	0	0	0	0	0	0	0	0	0
SNORA25	LINE	L1ME3Cz	0	0	0	0	0	0	0	0	0	0	0
VCPIP1	LINE	L1ME3Cz	0	0	4	4	0	4	6	6	0	0	2
AC116609.1	LINE	L1ME3D	0	0	0	0	0	0	0	0	0	0	0
RP13-13A3.1	LINE	L1ME3D	0	0	0	2	0	0	0	0	0	0	0
AC090044.2	LINE	L1ME3E	0	0	0	0	0	0	0	0	0	0	0
RP11-1078H9.5	LINE	L1ME3E	26	24	72	156	0	0	30	12	24	12	12
RP11-348A7.1	LINE	L1ME3E	0	0	0	0	0	0	0	0	0	0	4
KRTAP29-1	LINE	L1ME3F	0	0	0	0	0	0	0	0	0	0	0
RNU6-38P	LINE	L1ME3F	0	0	0	0	0	0	0	0	0	0	0
RP11-357G3.1	LINE	L1ME3F	60	20	30	120	40	40	210	20	20	10	80
RP11-452L6.7	LINE	L1ME3F	6	0	10	44	26	6	94	18	8	6	32
RP11-600F24.1	LINE	L1ME3F	0	10	0	0	0	0	10	0	0	0	0
TMPRSS4-AS1	LINE	L1ME3F	0	0	0	0	0	0	4	0	0	0	0
AC004699.1	LINE	L1ME3G	0	0	0	0	0	0	2	0	0	0	0
BRI3BP	LINE	L1ME3G	0	0	0	0	0	0	0	0	0	0	0
CASP14	LINE	L1ME3G	0	0	0	0	0	0	2	0	0	0	0
HYI	LINE	L1ME3G	0	0	0	0	0	0	0	0	0	0	0
MOCS3	LINE	L1ME3G	40	48	90	176	88	64	248	44	20	12	32
OR2J3	LINE	L1ME3G	0	0	0	0	0	0	0	0	0	0	0
PON2	LINE	L1ME3G	0	0	0	0	6	0	0	0	0	0	0
RAB11FIP5	LINE	L1ME3G	0	0	0	0	0	0	0	0	0	0	0
RP1-63G5.7	LINE	L1ME3G	0	0	0	0	0	0	0	0	0	0	0
RP11-12M9.4	LINE	L1ME3G	0	0	0	0	0	0	0	0	0	0	0
RP11-335L23.5	LINE	L1ME3G	0	0	0	0	0	0	0	0	0	0	2
RP11-583F2.7	LINE	L1ME3G	0	0	0	0	0	0	4	0	0	4	0
SLC25A5P9	LINE	L1ME3G	0	0	0	0	0	0	0	0	0	0	0
TRIM68	LINE	L1ME3G	0	0	0	0	0	0	0	0	0	0	0
VTRNA2-1	LINE	L1ME3G	0	0	0	0	0	0	0	0	0	0	0
YOD1	LINE	L1ME3G	0	0	12	2	2	6	22	2	0	0	10
AC009973.1	LINE	L1ME4a	0	0	0	0	0	0	0	6	0	0	8
AC112778.1	LINE	L1ME4a	0	0	0	0	0	0	0	0	0	0	0
AL160471.6	LINE	L1ME4a	0	0	0	0	0	0	0	0	0	0	0
AP006216.10	LINE	L1ME4a	2	8	6	12	2	8	36	0	6	0	4
ARMC3	LINE	L1ME4a	0	0	0	0	0	0	0	0	0	0	0
ARNTL2-AS1	LINE	L1ME4a	0	0	0	0	0	0	0	0	0	0	0
CGRRF1	LINE	L1ME4a	0	0	0	0	0	0	0	0	0	0	0
CTD-2016O11.1	LINE	L1ME4a	0	0	0	0	0	0	0	0	0	0	0
CTD-2023J5.1	LINE	L1ME4a	0	0	0	0	0	0	0	0	0	0	0
CTD-2526A2.2	LINE	L1ME4a	0	0	0	0	0	0	0	0	0	0	0
CTD-3035K23.3	LINE	L1ME4a	38	20	18	70	24	30	174	18	26	6	10
DYSF	LINE	L1ME4a	0	0	0	0	0	0	0	0	0	0	0
EMX1	LINE	L1ME4a	0	0	0	0	0	0	0	0	0	0	0
HDLBP	LINE	L1ME4a	62	24	90	46	20	54	98	48	36	26	4
HYI	LINE	L1ME4a	0	0	0	0	0	0	2	0	0	0	0
IFNL3	LINE	L1ME4a	0	0	0	0	0	0	0	0	0	0	0
IRF2	LINE	L1ME4a	0	0	0	0	0	0	0	0	0	0	0
KIAA1324L	LINE	L1ME4a	0	0	0	0	0	0	0	0	0	0	0
RP11-147L13.8	LINE	L1ME4a	0	0	0	0	0	0	0	0	0	0	0
RP11-330M2.3	LINE	L1ME4a	0	6	6	12	26	0	0	0	0	0	22
RP11-363G10.3	LINE	L1ME4a	0	0	0	0	0	0	0	0	0	0	0
RP11-385M4.3	LINE	L1ME4a	0	0	0	0	0	0	0	0	0	0	0
RP11-848P1.4	LINE	L1ME4a	6	4	12	28	12	10	36	6	10	8	2
RP11-87E22.1	LINE	L1ME4a	0	0	0	0	0	0	0	0	0	0	0
RP11-973N13.5	LINE	L1ME4a	2	0	0	0	0	0	0	0	0	0	0
RP4-724E16.2	LINE	L1ME4a	0	0	0	0	0	0	0	0	2	0	0
SCGN	LINE	L1ME4a	0	0	0	0	0	0	0	0	0	0	0
TOB1	LINE	L1ME4a	0	0	0	0	0	0	0	0	0	0	0
VDAC1P12	LINE	L1ME4a	0	0	0	0	0	0	0	0	0	0	0
Y_RNA	LINE	L1ME4a	0	0	0	0	0	0	0	0	0	0	0
AC100756.1	LINE	L1ME4b	0	0	0	0	0	0	0	0	0	0	0
AC116345.1	LINE	L1ME4b	0	0	0	0	0	0	0	0	0	0	0
AL160471.6	LINE	L1ME4b	0	0	0	0	0	0	0	0	0	0	0
C19orf45	LINE	L1ME4b	8	0	4	20	8	0	36	8	4	0	0
C6orf118	LINE	L1ME4b	0	0	0	0	0	0	0	0	0	0	0
CDC42EP2	LINE	L1ME4b	0	0	2	2	0	4	2	0	0	0	0
CROCCP5	LINE	L1ME4b	0	0	0	0	0	0	0	0	0	0	0
GTF3AP5	LINE	L1ME4b	0	0	0	0	0	0	0	0	0	0	0
KIAA1107	LINE	L1ME4b	0	0	0	0	0	0	0	0	0	0	0
KLRG2	LINE	L1ME4b	0	0	0	0	0	0	0	0	0	0	0
KRTAP16-1	LINE	L1ME4b	0	0	0	0	0	0	0	0	0	0	0
LINC00851	LINE	L1ME4b	0	0	0	0	0	0	0	0	0	0	0
MOCS3	LINE	L1ME4b	10	8	28	24	28	16	98	14	10	16	14
MTOR	LINE	L1ME4b	0	0	0	0	0	0	0	0	0	0	4
OR4X1	LINE	L1ME4b	0	0	0	0	0	0	0	0	0	0	0
PNMAL1	LINE	L1ME4b	0	0	0	0	0	0	0	0	0	0	0
RN7SL220P	LINE	L1ME4b	0	0	0	0	0	0	0	0	0	0	0
RP11-1267H10.3	LINE	L1ME4b	0	0	0	0	4	0	0	0	0	0	0
RP11-128M1.1	LINE	L1ME4b	0	0	0	0	0	0	0	0	0	0	0
RP11-333A23.3	LINE	L1ME4b	0	0	0	0	0	0	0	0	0	0	0
RP11-530A18.1	LINE	L1ME4b	0	0	0	0	0	0	0	0	2	0	0
RP11-973F15.2	LINE	L1ME4b	0	0	0	0	0	0	0	0	0	0	0
RPL26	LINE	L1ME4b	0	0	0	0	0	0	8	0	0	0	0
TPRX1	LINE	L1ME4b	0	0	0	0	0	0	0	0	0	0	2
UGT2B29P	LINE	L1ME4b	0	0	0	0	0	0	0	0	0	0	0
AC008967.1	LINE	L1ME4c	0	0	0	0	0	0	0	0	0	0	0
AC027807.1	LINE	L1ME4c	0	4	12	12	8	20	24	16	4	8	0
AC090018.1	LINE	L1ME4c	0	0	0	0	0	0	0	0	0	0	0
AC118653.2	LINE	L1ME4c	0	0	0	0	0	0	0	0	0	0	0
AGPAT4	LINE	L1ME4c	0	0	0	0	0	0	0	0	0	0	0
CCDC167	LINE	L1ME4c	0	0	4	0	0	0	0	0	0	0	0
INVS	LINE	L1ME4c	10	2	18	26	0	30	90	0	8	20	8
ITGB8	LINE	L1ME4c	0	0	0	0	0	0	0	0	0	0	0
MIR6781	LINE	L1ME4c	0	0	0	0	2	2	0	0	0	0	0
MYOM1	LINE	L1ME4c	0	0	0	0	0	0	0	0	0	0	0
RP11-413H22.2	LINE	L1ME4c	18	12	48	80	20	16	166	18	12	22	6
RP11-500K19.2	LINE	L1ME4c	0	0	0	0	0	0	0	0	0	0	0
SNORA26	LINE	L1ME4c	10	2	0	2	2	4	30	2	2	2	2
AC008992.1	LINE	L1ME5	0	0	0	0	0	0	0	0	0	0	0
AC116345.1	LINE	L1ME5	0	0	0	0	0	0	0	0	0	0	0
GJB7	LINE	L1ME5	0	0	0	0	0	0	0	0	0	0	0
TMPRSS4-AS1	LINE	L1ME5	0	0	0	0	0	0	2	0	0	0	0
RP11-101P17.14	LINE	L1MEa	0	0	0	0	0	0	0	0	0	0	0
AIG1P1	LINE	L1MEc	8	8	16	14	22	6	34	0	2	8	26
ANO7	LINE	L1MEc	0	0	0	0	0	0	0	0	0	0	0
RN7SKP174	LINE	L1MEc	0	0	0	0	0	0	0	0	0	0	0
RP11-1360M22.2	LINE	L1MEc	0	0	0	0	0	0	0	0	0	0	0
RP11-138H10.2	LINE	L1MEc	0	0	0	0	0	0	0	0	0	0	0
RP11-281O15.7	LINE	L1MEc	0	0	0	0	0	0	0	2	0	0	0
RP11-666A8.12	LINE	L1MEc	0	0	4	0	0	0	0	0	0	0	0
SNORD1C	LINE	L1MEc	0	0	4	0	0	0	0	0	0	0	0
SPTY2D1-AS1	LINE	L1MEc	0	0	6	0	0	0	0	0	0	0	0
CYP4F24P	LINE	L1MEd	0	0	0	0	0	0	0	0	0	0	0
IGHD3OR15-3A	LINE	L1MEd	0	0	0	0	0	0	0	0	0	0	0
IGHD3OR15-3B	LINE	L1MEd	0	0	0	0	0	0	0	0	0	0	0
MIR6845	LINE	L1MEd	0	0	0	0	0	0	0	0	0	0	0
RN7SL220P	LINE	L1MEd	0	0	0	0	0	0	0	0	0	0	0
RP11-111K18.2	LINE	L1MEd	0	0	0	0	0	0	0	0	0	0	0
RP11-628M2.1	LINE	L1MEd	0	0	0	0	0	0	0	0	0	0	0
RP11-674N23.4	LINE	L1MEd	0	0	0	0	0	0	0	0	0	0	0
RP11-713C19.2	LINE	L1MEd	0	0	0	0	0	0	0	0	0	0	0
STK33P1	LINE	L1MEd	0	0	0	0	0	0	2	0	0	0	0
Y_RNA	LINE	L1MEd	0	0	0	0	0	0	4	0	0	0	0
ZNF33AP1	LINE	L1MEd	0	0	0	0	0	0	0	0	0	0	0
CGRRF1	LINE	L1MEf	0	0	0	0	0	0	0	0	0	0	0
CTD-2016O11.1	LINE	L1MEf	0	0	0	0	0	0	0	0	0	0	0
KIF26B	LINE	L1MEf	0	0	0	0	0	0	0	0	0	0	0
LINC01021	LINE	L1MEf	0	0	0	0	0	0	0	0	0	0	0
RNU6-909P	LINE	L1MEf	0	0	0	0	0	0	0	0	0	0	0
RP11-248M19.1	LINE	L1MEf	0	0	2	0	0	0	0	0	0	0	0
RP5-991G20.1	LINE	L1MEf	0	0	4	0	0	0	0	0	0	0	16
RPS26P4	LINE	L1MEf	0	0	24	42	24	12	144	6	0	0	0
Y_RNA	LINE	L1MEf	0	4	0	0	0	0	10	0	0	0	0
ACO1	LINE	L1MEg	0	0	0	0	0	0	0	0	0	0	0
AP005273.1	LINE	L1MEg	0	0	0	0	0	0	0	0	0	0	0
Metazoa_SRP	LINE	L1MEg	0	0	8	8	0	0	0	0	4	0	4
NMNAT1P1	LINE	L1MEg	0	0	0	0	0	0	4	0	0	0	0
SLC10A2	LINE	L1MEg	0	0	0	0	0	0	0	0	0	0	0
SLC29A3	LINE	L1MEg	0	0	0	0	0	0	0	0	0	0	0
PLEKHB1	LINE	L1MEg1	0	0	0	0	0	0	0	0	0	0	0
RNA5SP278	LINE	L1MEg1	8	10	6	8	2	8	34	6	6	6	12
MAGEA9B	LINE	L1MEh	0	0	0	0	0	0	0	0	0	0	0
RP11-281O15.7	LINE	L1MEh	0	0	0	0	0	0	0	2	0	0	0
RTKN2	LINE	L1MEi	0	0	0	0	0	0	0	0	0	0	0
AL096700.1	LINE	L1MEj	0	0	0	0	0	0	0	0	0	0	0
HDLBP	LINE	L1MEj	110	44	148	110	54	116	236	112	44	12	0
OR13C5	LINE	L1MEj	0	0	0	0	0	0	0	0	0	0	0
RP11-1109M24.16	LINE	L1MEj	0	0	0	0	0	0	0	0	0	0	0
IFNW1	LINE	L1P1	0	0	0	0	0	0	0	0	0	0	0
MIR501	LINE	L1P1	0	0	0	0	4	0	0	0	0	0	0
OR6W1P	LINE	L1P1	0	0	0	0	0	0	0	0	0	0	0
RP11-1017G21.5	LINE	L1P1	0	0	0	0	0	0	0	0	0	0	0
RPL29P22	LINE	L1P1	0	0	0	0	0	0	0	0	0	0	0
CHM	LINE	L1P2	0	0	0	0	0	0	0	0	0	0	0
RP11-1017G21.5	LINE	L1P3	0	0	0	0	0	0	0	0	0	0	0
XXbac-BPG308J9.3	LINE	L1P3	0	0	0	0	0	0	0	0	0	0	0
AC011477.2	LINE	L1P3b	0	0	0	0	0	0	0	0	0	0	0
IGHD3OR15-3B	LINE	L1P4	0	0	0	0	0	0	0	0	0	0	0
IGHV1-18	LINE	L1P4	0	0	0	0	0	0	0	0	0	0	0
OR5H7P	LINE	L1P4	0	0	0	0	0	0	0	0	0	0	0
RNU6-377P	LINE	L1P4	0	0	0	0	0	0	0	0	0	0	0
RP11-1267H10.3	LINE	L1P4	0	0	0	0	2	0	0	0	2	0	0
UGT2B29P	LINE	L1P4	0	0	0	0	0	0	0	0	0	0	0
CHM	LINE	L1P4a	0	0	0	0	0	0	0	0	0	0	0
IFNW1	LINE	L1P4e	0	0	0	0	0	0	0	0	0	0	0
AC009299.4	LINE	L1PA10	0	0	0	0	0	0	0	0	0	0	0
BCL7B	LINE	L1PA10	0	0	0	0	0	0	0	0	0	0	2
CYP4F24P	LINE	L1PA10	0	0	0	0	0	0	0	0	0	0	0
GNRHR2P1	LINE	L1PA10	0	0	0	0	0	0	0	0	0	0	0
HS3ST1	LINE	L1PA10	0	0	0	0	0	0	0	0	0	0	0
OR4X1	LINE	L1PA10	0	0	0	0	0	0	0	0	0	0	0
RP11-369E15.4	LINE	L1PA10	0	0	0	0	0	0	0	0	0	0	0
SLC25A5P9	LINE	L1PA10	0	0	0	0	0	0	0	0	0	0	0
GNRHR2P1	LINE	L1PA11	0	0	0	0	0	0	0	0	0	0	0
KCTD9P5	LINE	L1PA11	12	2	0	0	0	4	0	22	4	2	0
MYL8P	LINE	L1PA11	0	0	0	0	0	0	0	0	0	0	0
RP11-530A18.1	LINE	L1PA11	0	0	0	0	0	0	0	0	2	0	0
RPS28	LINE	L1PA11	22	14	30	32	4	20	142	24	4	6	6
RNU6-749P	LINE	L1PA12	0	0	0	0	0	0	0	0	0	0	0
RP11-111H3.3	LINE	L1PA12	0	0	0	0	0	0	4	0	4	0	0
RP11-397P13.6	LINE	L1PA12	36	2	42	0	48	4	148	30	24	2	0
ATF4P1	LINE	L1PA13	0	0	0	0	0	0	0	0	0	0	0
BCLAF1	LINE	L1PA13	0	0	0	0	0	0	0	0	0	0	0
FLJ35934	LINE	L1PA13	0	0	0	0	0	0	0	0	0	0	0
HNRNPA1P2	LINE	L1PA13	0	0	0	0	0	0	0	0	0	0	0
LINC00851	LINE	L1PA13	0	0	0	0	0	0	0	0	0	0	0
RNU6-38P	LINE	L1PA13	0	0	0	0	0	0	0	0	0	0	0
RP1-278E11.3	LINE	L1PA13	0	0	0	0	0	0	0	0	0	0	0
RP11-101P17.14	LINE	L1PA13	0	0	0	0	0	0	0	0	0	0	0
RP11-1267H10.3	LINE	L1PA13	0	0	0	0	2	0	0	0	0	0	0
RP11-137L10.5	LINE	L1PA13	0	2	6	6	4	0	10	4	0	0	12
RP11-598G2.1	LINE	L1PA13	0	0	0	0	0	0	0	0	0	0	0
UGT2B29P	LINE	L1PA13	0	0	0	0	0	0	0	0	0	0	0
AC009973.1	LINE	L1PA14	0	2	6	2	12	2	28	0	0	0	8
EGOT	LINE	L1PA14	2	0	20	6	4	2	0	0	4	0	10
RNA5SP359	LINE	L1PA14	0	0	0	0	0	0	0	0	0	0	0
RNA5SP396	LINE	L1PA14	0	0	0	0	0	0	0	0	0	0	0
RNU6-566P	LINE	L1PA14	0	0	0	0	0	0	0	0	0	0	0
RP11-479O17.7	LINE	L1PA14	0	0	0	0	0	0	0	0	0	0	0
CTD-2626G11.2	LINE	L1PA15	0	0	0	8	0	0	0	0	0	0	0
CYP4A26P	LINE	L1PA15	0	0	0	0	0	0	2	0	0	0	0
GUCY1B3	LINE	L1PA15	0	0	0	0	0	0	0	0	0	0	0
MIR5007	LINE	L1PA15	0	0	0	0	0	0	0	0	0	0	0
PFAS	LINE	L1PA15	0	0	0	2	0	0	2	0	0	0	0
RP11-436I9.3	LINE	L1PA15	0	0	0	0	0	0	0	0	0	0	0
SNORA31	LINE	L1PA15	0	0	0	0	0	0	0	0	0	0	0
ZNF33BP1	LINE	L1PA15	0	0	0	0	0	0	0	0	0	0	0
MORF4L1P5	LINE	L1PA15-16	0	0	0	0	0	0	0	0	0	0	0
AC006050.2	LINE	L1PA16	0	0	0	0	0	0	0	0	0	0	0
ACTG1P12	LINE	L1PA16	0	0	0	0	0	0	0	0	0	0	0
AL513487.1	LINE	L1PA16	0	0	0	0	0	0	0	0	0	0	0
EGOT	LINE	L1PA16	2	0	20	6	4	2	0	0	4	0	10
PON3	LINE	L1PA16	0	0	0	0	4	0	2	0	0	0	0
RN7SKP174	LINE	L1PA16	0	0	0	0	0	0	0	0	0	0	0
RN7SL353P	LINE	L1PA16	0	0	0	0	0	0	0	0	0	0	0
RP11-20F18.1	LINE	L1PA16	0	0	0	0	0	0	0	0	0	0	0
RP11-401I19.2	LINE	L1PA16	0	0	0	0	0	0	0	0	0	0	0
SLC35A1	LINE	L1PA16	0	0	0	0	0	0	0	0	0	0	0
WI2-1896O14.1	LINE	L1PA16	0	0	4	0	10	2	0	0	0	0	2
AC112778.1	LINE	L1PA17	0	0	0	0	0	0	0	0	0	0	0
AC118653.2	LINE	L1PA17	0	0	0	0	0	0	0	0	0	0	0
KB-1572G7.3	LINE	L1PA17	0	0	0	0	0	0	0	0	0	0	0
MIR1302-4	LINE	L1PA17	0	0	0	0	0	0	0	0	0	0	0
OR2L8	LINE	L1PA17	0	0	0	0	0	0	0	0	0	0	0
RP11-455J15.1	LINE	L1PA17	0	0	0	0	0	0	0	0	0	0	0
Metazoa_SRP	LINE	L1PA2	0	0	0	0	0	0	0	0	0	0	0
MIR1302-4	LINE	L1PA2	0	0	0	0	0	0	0	0	0	0	0
OR2J2	LINE	L1PA2	0	0	0	0	2	0	0	0	0	0	0
RP11-324J13.1	LINE	L1PA2	0	0	0	0	0	0	0	0	0	0	0
ABBA01010927.1	LINE	L1PA3	0	0	0	0	0	0	0	0	0	0	0
ARID3A	LINE	L1PA3	0	0	0	0	0	0	0	0	0	0	0
ARPC2	LINE	L1PA3	0	0	0	0	0	0	0	0	0	0	0
CTD-3093M3.1	LINE	L1PA3	0	0	0	0	0	0	0	0	0	0	0
CYP4F2	LINE	L1PA3	0	0	0	0	0	0	0	0	0	0	0
KISS1R	LINE	L1PA3	0	0	0	0	0	0	0	0	0	0	0
KRT18P57	LINE	L1PA3	2	0	8	14	8	0	12	0	2	8	0
RNA5SP359	LINE	L1PA3	0	0	0	0	0	0	0	0	0	0	0
RNU4-54P	LINE	L1PA3	0	0	0	0	0	0	0	0	0	0	0
RP11-215P8.4	LINE	L1PA3	0	0	0	0	0	0	0	0	0	0	0
RP11-372K20.1	LINE	L1PA3	0	0	0	0	0	0	0	0	0	0	0
RPL29P22	LINE	L1PA3	0	0	0	0	0	0	0	0	0	0	0
AL159140.1	LINE	L1PA4	0	0	0	0	0	0	0	0	0	0	0
CNGA2	LINE	L1PA4	0	0	0	0	0	0	0	0	0	0	0
CYP4F24P	LINE	L1PA4	0	0	0	0	0	0	0	0	0	0	0
LINC00851	LINE	L1PA4	0	0	0	0	0	0	0	0	0	0	0
RN7SL757P	LINE	L1PA4	0	0	0	0	0	0	0	0	0	0	0
RP1-91G5.3	LINE	L1PA4	0	0	0	0	0	0	0	0	0	0	0
RP11-206B11.1	LINE	L1PA4	0	0	0	0	0	0	0	0	0	0	0
RP11-333A23.3	LINE	L1PA4	0	0	0	0	0	0	0	0	0	0	0
RP11-363G10.3	LINE	L1PA4	0	0	0	0	0	0	0	0	0	0	0
RP11-379B8.1	LINE	L1PA4	0	0	0	0	0	0	0	0	0	0	0
RP11-417J1.6	LINE	L1PA4	0	0	0	0	0	0	0	0	0	0	0
RP11-432M8.9	LINE	L1PA4	0	0	0	0	0	0	0	0	0	0	0
RP11-690C23.5	LINE	L1PA4	0	0	0	0	0	0	0	0	0	0	0
SLC1A6	LINE	L1PA4	0	0	0	0	0	0	0	0	0	0	0
SLC25A1P4	LINE	L1PA4	0	0	0	0	0	0	0	0	0	0	0
SSXP3	LINE	L1PA4	0	0	0	0	0	0	0	0	0	0	0
XXbac-BPG308J9.3	LINE	L1PA4	0	0	0	0	0	0	0	0	0	0	0
YKT6	LINE	L1PA4	0	0	0	0	0	0	0	0	0	0	0
AC006557.1	LINE	L1PA5	0	0	0	0	0	0	0	0	0	0	0
AC131213.1	LINE	L1PA5	0	0	0	0	0	0	0	0	0	0	0
AP000959.2	LINE	L1PA5	0	0	0	0	0	0	0	0	0	0	0
ARMC3	LINE	L1PA5	0	0	0	0	0	0	0	0	0	0	0
CHM	LINE	L1PA5	0	0	0	0	0	0	0	0	0	0	0
HS3ST1	LINE	L1PA5	0	0	0	0	0	0	0	2	0	0	0
IGKV1OR22-5	LINE	L1PA5	0	0	0	0	0	0	0	0	0	0	0
KRT8P15	LINE	L1PA5	0	0	0	0	0	0	0	0	0	0	0
PEX3	LINE	L1PA5	0	0	0	2	0	0	2	2	0	2	0
PP2672	LINE	L1PA5	0	0	0	0	0	0	0	0	0	0	0
RNA5SP221	LINE	L1PA5	0	0	0	2	0	0	2	2	0	2	0
RP11-363G10.3	LINE	L1PA5	0	0	0	0	0	0	0	0	0	0	0
RP11-90B9.2	LINE	L1PA5	0	0	0	0	0	0	0	0	0	0	0
RPS15AP40	LINE	L1PA5	0	0	0	0	0	0	0	0	0	0	0
AC007358.1	LINE	L1PA6	0	0	0	0	0	0	0	0	0	0	0
MTOR	LINE	L1PA6	0	0	0	0	0	0	0	0	0	0	4
RP11-530A18.1	LINE	L1PA6	0	0	0	0	0	0	0	0	0	0	0
RP11-547I7.1	LINE	L1PA6	0	0	0	0	0	0	0	0	0	0	0
SLC25A5P9	LINE	L1PA6	0	0	0	0	0	0	0	0	0	0	0
TPRX1	LINE	L1PA6	0	0	0	0	0	0	0	0	0	0	2
USP9YP24	LINE	L1PA6	0	0	0	0	0	0	0	0	0	0	0
ZNF32	LINE	L1PA6	0	0	0	0	0	0	0	0	0	0	0
AL513487.1	LINE	L1PA7	0	0	0	0	0	0	0	0	0	0	0
ARNTL2-AS1	LINE	L1PA7	0	0	0	0	0	0	0	0	0	0	0
CD99	LINE	L1PA7	0	0	0	0	0	0	0	0	0	0	0
LINC00399	LINE	L1PA7	0	0	0	0	0	0	0	0	0	0	0
OR4X1	LINE	L1PA7	0	0	0	0	0	0	0	0	0	0	0
RNA5SP396	LINE	L1PA7	0	0	0	0	0	0	0	0	0	0	0
RP1-276J11.2	LINE	L1PA7	0	0	0	0	0	0	0	0	0	0	0
RP11-436I9.3	LINE	L1PA7	0	0	0	0	0	0	0	0	0	0	0
RP11-729I10.2	LINE	L1PA7	24	12	22	122	20	42	140	26	16	12	4
RP11-72H11.1	LINE	L1PA7	0	0	0	0	0	0	0	0	0	0	0
RPL29P22	LINE	L1PA7	0	0	0	0	0	0	0	0	0	0	0
AC009302.4	LINE	L1PA8	0	0	0	0	0	0	0	0	0	0	0
C6orf118	LINE	L1PA8	0	0	0	0	0	0	0	0	0	0	0
CH507-254M2.3	LINE	L1PA8	0	0	0	0	0	0	0	0	0	0	0
OR2B3	LINE	L1PA8	0	0	0	0	0	0	0	0	0	0	0
RP11-883G14.4	LINE	L1PA8	0	0	0	0	0	0	0	0	0	0	0
MT2P1	LINE	L1PA8A	0	0	0	0	0	0	0	0	0	0	0
RP11-1267H10.3	LINE	L1PA8A	0	0	0	0	8	0	0	0	0	0	0
AC011477.2	LINE	L1PB	0	0	0	0	0	0	0	0	0	0	0
CDH26	LINE	L1PB	0	0	0	0	0	0	0	0	0	0	0
RP11-138H10.2	LINE	L1PB	0	0	0	0	2	0	0	0	0	0	0
AC019118.4	LINE	L1PB1	0	0	0	0	0	0	0	0	0	0	0
ARID3A	LINE	L1PB1	0	0	0	0	0	0	0	0	0	0	0
FAM226B	LINE	L1PB1	0	0	0	0	0	0	0	0	0	0	0
PEX6	LINE	L1PB1	0	0	0	0	0	0	0	0	0	0	0
RNA5SP306	LINE	L1PB1	0	0	0	0	0	0	0	0	0	0	0
RNA5SP359	LINE	L1PB1	0	0	0	0	0	0	0	0	0	0	0
RP1-288M22.2	LINE	L1PB1	0	0	0	0	0	0	0	0	0	0	0
RP11-598G2.1	LINE	L1PB1	0	0	0	0	0	0	0	0	0	0	0
RPS26P4	LINE	L1PB1	0	0	8	14	8	4	48	2	0	0	0
AC004386.4	LINE	L1PB2	0	0	0	0	0	0	0	0	0	0	0
AL117380.2	LINE	L1PB2	0	0	0	0	0	0	0	0	0	0	0
CNOT11	LINE	L1PB2	0	0	0	0	0	0	20	0	0	0	0
RP5-850O15.4	LINE	L1PB2	0	0	0	0	0	0	0	0	0	0	0
AP001439.2	LINE	L1PB3	50	16	62	68	56	22	486	86	38	20	68
FBXO28	LINE	L1PB3	0	2	0	0	0	0	0	0	0	0	0
RP5-1061H20.5	LINE	L1PB3	0	0	0	0	0	0	0	0	0	0	0
ARNTL2-AS1	LINE	L1PB4	0	0	0	0	0	0	0	0	0	0	0
IGHV1-18	LINE	L1PB4	0	0	0	0	0	0	0	0	0	0	0
LINC00851	LINE	L1PB4	0	0	0	0	0	0	0	0	0	0	0
RN7SL864P	LINE	L1PB4	0	0	0	0	0	0	0	0	0	0	0
RNA5SP283	LINE	L1PB4	0	0	0	2	4	0	0	0	0	0	4
SLC39A9	LINE	L1PB4	68	72	160	168	96	96	540	88	52	24	48
CYP2C58P	LINE	L1PBa	0	0	0	0	0	0	0	0	0	2	0
RP11-137L10.5	LINE	L1PBa	0	0	4	2	8	2	6	0	0	0	0
CTD-2117L12.3	LINE	L1PREC2	0	0	0	0	0	0	0	0	0	0	0
PRSS46	LINE	L1PREC2	0	0	0	0	0	0	0	0	0	0	0
RNA5SP359	LINE	L1PREC2	0	0	0	0	0	0	0	0	0	0	0
RP11-669N7.3	LINE	L1PREC2	0	0	0	0	0	0	0	0	0	0	0
AC006128.2	LINE	L2	8	0	10	24	10	12	38	14	8	2	24
AC008622.1	LINE	L2	0	0	0	0	0	0	0	2	0	0	0
AC015691.13	LINE	L2	0	6	18	6	6	0	30	6	0	6	0
AC241377.1	LINE	L2	0	0	0	0	0	0	0	0	0	0	0
ACTG1P12	LINE	L2	0	0	0	0	0	0	0	0	0	0	0
AF064858.8	LINE	L2	0	0	0	0	0	0	0	0	0	0	0
AL121588.1	LINE	L2	0	0	0	0	0	0	0	0	0	0	0
AL445204.1	LINE	L2	0	0	0	0	0	0	0	0	0	0	0
ANAPC1	LINE	L2	0	0	0	0	0	0	0	0	0	0	0
C8orf87	LINE	L2	0	0	0	0	0	0	0	0	0	0	0
CDY2A	LINE	L2	0	0	0	0	0	0	0	0	0	0	0
CTD-2033A16.1	LINE	L2	0	0	0	0	0	0	0	0	0	0	0
CTD-2117L12.3	LINE	L2	0	0	0	0	0	0	0	0	0	0	0
EPAS1	LINE	L2	0	0	0	0	0	0	0	0	0	0	0
FBXO28	LINE	L2	0	2	0	0	0	0	0	0	0	0	0
GRIK2	LINE	L2	0	0	0	0	0	0	0	0	0	0	0
HBP1	LINE	L2	0	0	0	0	0	0	0	0	0	0	0
KDF1	LINE	L2	0	0	0	0	0	0	0	0	0	0	0
L3MBTL2	LINE	L2	0	0	0	0	0	0	0	0	0	0	4
MAML1	LINE	L2	0	0	0	0	0	0	0	0	0	0	2
MARCH8	LINE	L2	0	0	0	0	0	0	0	0	0	0	0
MAST2	LINE	L2	0	0	0	0	0	0	0	0	0	0	0
MCMBP	LINE	L2	10	6	18	32	10	14	74	12	0	2	18
MIR4696	LINE	L2	0	0	0	0	0	0	0	2	0	0	0
MIR501	LINE	L2	0	0	0	0	0	0	0	0	0	0	0
MIS18A-AS1	LINE	L2	0	0	6	0	4	0	12	0	0	0	4
MRPL49	LINE	L2	0	0	0	0	0	0	0	0	0	0	0
MSRB3	LINE	L2	0	0	0	0	0	0	0	0	0	0	0
OR5M14P	LINE	L2	0	0	0	0	0	0	0	0	0	0	0
OSBPL9P3	LINE	L2	0	0	0	0	0	0	0	0	0	0	0
PDHB	LINE	L2	0	0	0	0	6	0	0	0	2	0	0
PFAS	LINE	L2	0	0	0	2	0	0	2	0	2	0	0
PON3	LINE	L2	0	0	0	0	8	0	6	2	0	0	2
PPIAP25	LINE	L2	0	0	0	0	0	0	0	0	0	0	0
PRMT3	LINE	L2	0	0	0	0	0	0	0	0	0	0	0
RAB11FIP5	LINE	L2	0	0	0	0	0	0	0	0	0	0	0
RNA5SP239	LINE	L2	2	0	0	0	0	0	0	0	0	0	0
RNA5SP278	LINE	L2	16	20	12	16	4	16	70	12	12	12	24
RNA5SP67	LINE	L2	0	0	0	0	0	2	0	0	2	0	0
RNASE10	LINE	L2	0	0	0	0	0	0	0	0	0	0	0
RNU6-1166P	LINE	L2	0	0	0	0	0	0	0	0	0	0	0
RP1-63G5.7	LINE	L2	0	0	0	0	0	0	0	0	0	0	0
RP11-128M1.1	LINE	L2	0	0	0	0	0	0	0	0	0	0	0
RP11-156K23.3	LINE	L2	0	0	4	8	10	10	34	2	4	4	10
RP11-319C21.1	LINE	L2	0	0	0	0	0	0	0	0	0	0	0
RP11-333E13.2	LINE	L2	0	0	0	0	0	0	0	0	0	0	0
RP11-358H9.1	LINE	L2	0	0	0	0	0	0	0	0	0	0	0
RP11-455J15.1	LINE	L2	0	0	0	0	0	0	0	0	0	0	0
RP4-811H24.9	LINE	L2	0	0	0	0	0	0	0	0	0	0	0
RPL10P1	LINE	L2	0	0	0	0	0	0	0	0	0	0	0
SMC1A	LINE	L2	0	0	4	4	4	0	8	0	0	0	0
SNORA25	LINE	L2	0	0	0	0	0	0	0	0	0	0	0
SNORD61	LINE	L2	0	0	0	0	0	0	0	0	0	0	0
snoU13	LINE	L2	0	0	0	0	0	0	0	0	0	0	0
TAF9P2	LINE	L2	0	0	0	0	0	0	0	0	0	0	0
TMEM212-IT1	LINE	L2	0	0	0	0	0	0	0	0	0	0	0
TPRX1	LINE	L2	0	0	0	0	0	0	0	0	0	0	2
TRIM63	LINE	L2	0	0	0	0	0	0	0	0	0	0	0
TRIM68	LINE	L2	0	0	0	0	0	0	0	0	0	0	0
VAV3-AS1	LINE	L2	2	0	6	2	2	4	60	6	0	0	2
PPIAP25	LINE	L2-1_AMi	0	0	0	0	0	0	0	0	0	0	0
CTD-2267D19.4	LINE	L2-2_Mam	0	0	0	0	0	0	0	0	0	0	0
AC009973.1	LINE	L2-3_Crp	0	2	6	2	16	2	28	2	0	0	8
CTD-2033A16.1	LINE	L2-3_Crp	0	0	0	0	0	0	2	0	0	0	2
GUCA2B	LINE	L2-3_Crp	0	0	0	0	0	0	0	0	0	0	0
ABI1	LINE	L2a	0	0	0	0	0	0	0	0	0	0	0
AC004019.10	LINE	L2a	0	0	0	0	0	0	0	0	0	0	0
AC004906.3	LINE	L2a	0	0	0	0	6	0	12	0	0	0	0
AC005288.1	LINE	L2a	0	0	0	0	0	0	0	0	0	0	0
AC006050.2	LINE	L2a	0	0	0	0	0	0	0	0	0	0	0
AC007327.6	LINE	L2a	22	8	0	2	0	0	0	0	0	0	0
AC007358.1	LINE	L2a	0	0	0	0	0	0	0	0	0	0	0
AC008622.1	LINE	L2a	0	0	0	0	0	0	0	2	0	0	0
AC009302.4	LINE	L2a	0	0	0	0	0	0	0	0	0	0	0
AC015691.13	LINE	L2a	0	2	6	2	2	0	10	2	0	2	0
AC090150.1	LINE	L2a	0	0	0	0	2	0	0	0	0	0	0
AC092017.1	LINE	L2a	0	0	0	0	0	0	0	0	0	0	0
AC092484.1	LINE	L2a	0	0	0	0	0	0	0	0	0	0	0
AC100756.1	LINE	L2a	0	0	0	0	0	0	0	0	0	0	0
AC104655.2	LINE	L2a	0	0	0	0	0	0	0	0	0	0	0
AC108713.1	LINE	L2a	0	0	0	0	0	0	0	0	0	0	0
ACA59	LINE	L2a	300	204	516	1100	244	516	1068	288	140	180	84
AL159140.1	LINE	L2a	0	0	0	0	0	0	0	0	0	0	0
AL353147.1	LINE	L2a	2	0	0	4	2	0	2	0	0	0	8
AL513487.1	LINE	L2a	0	0	0	0	0	0	0	0	0	0	0
AP001439.2	LINE	L2a	150	48	188	208	174	66	1464	258	114	60	204
AP006216.10	LINE	L2a	8	8	16	20	8	8	40	0	12	12	20
AP1S3	LINE	L2a	0	0	0	0	2	0	3	0	0	0	0
AURKC	LINE	L2a	0	0	0	0	0	0	0	0	0	0	8
BCAM	LINE	L2a	0	0	2	0	0	0	0	0	0	0	0
BGLT3	LINE	L2a	0	0	0	0	0	0	0	0	0	0	0
BRI3BP	LINE	L2a	4	0	16	28	32	8	32	0	20	12	8
C19orf45	LINE	L2a	0	0	0	0	0	0	0	0	0	0	0
C6orf118	LINE	L2a	0	0	0	0	0	0	0	0	0	0	0
CCDC142	LINE	L2a	0	0	8	0	8	8	24	8	4	0	12
CCDC167	LINE	L2a	0	0	0	0	0	0	0	0	0	0	0
CCDC27	LINE	L2a	4	0	20	22	4	16	56	8	8	0	24
CDC42EP2	LINE	L2a	0	0	4	0	0	0	2	0	0	2	0
CHM	LINE	L2a	0	0	0	0	0	0	0	0	0	0	0
CICP16	LINE	L2a	0	0	0	0	0	0	0	0	0	0	0
CICP19	LINE	L2a	0	0	0	0	0	0	0	0	0	0	0
CTA-223H9.9	LINE	L2a	0	0	0	0	0	0	0	0	0	0	0
CTB-1H10.1	LINE	L2a	0	0	0	0	2	0	0	0	0	0	0
CTB-70G10.1	LINE	L2a	0	0	0	0	0	0	0	0	0	0	0
CTD-2017C7.3	LINE	L2a	12	16	0	0	0	0	0	0	6	0	0
CTD-2023J5.1	LINE	L2a	0	0	0	0	0	0	0	0	0	0	0
CTD-2267D19.4	LINE	L2a	0	0	0	0	0	4	2	0	0	2	0
DYSF	LINE	L2a	0	0	0	0	0	0	0	0	0	0	0
EIF4ENIF1	LINE	L2a	6	0	2	0	2	0	0	2	4	0	8
EMP2	LINE	L2a	0	0	0	0	0	0	0	0	0	0	0
FAM72A	LINE	L2a	0	0	0	0	0	0	0	0	0	0	0
GAD2	LINE	L2a	0	0	0	0	0	0	0	0	0	0	0
GALNT2	LINE	L2a	0	0	0	0	0	0	0	0	0	0	0
GEMIN7	LINE	L2a	0	0	0	0	0	0	0	0	0	0	2
GMFG	LINE	L2a	2	0	0	0	2	0	2	2	0	0	0
GNRHR2P1	LINE	L2a	0	0	0	0	0	0	0	0	0	0	0
GRIFIN	LINE	L2a	0	0	0	0	2	0	0	0	0	0	2
GSTM1	LINE	L2a	0	0	0	0	0	0	0	0	0	0	0
GUCA2B	LINE	L2a	0	0	0	0	0	0	0	0	0	0	0
HNRNPA1P2	LINE	L2a	0	0	0	0	0	0	0	0	0	0	0
HPS5	LINE	L2a	18	6	4	14	12	6	56	2	2	18	26
HS3ST1	LINE	L2a	0	0	0	0	0	0	0	2	0	0	0
HUNK-AS1	LINE	L2a	0	0	0	0	0	0	0	0	0	0	0
IL23R	LINE	L2a	0	0	0	0	0	0	0	0	0	0	0
IRF2	LINE	L2a	0	0	0	0	0	0	0	0	0	0	0
KLHL17	LINE	L2a	8	4	36	40	8	24	92	12	8	16	48
KRTCAP2	LINE	L2a	0	0	0	0	2	0	0	0	0	0	0
L3MBTL2	LINE	L2a	0	0	0	0	0	0	0	0	0	0	2
LDB2	LINE	L2a	0	0	0	0	0	0	0	0	0	0	0
LDHAP4	LINE	L2a	0	0	0	0	0	12	0	0	0	0	0
LINC00399	LINE	L2a	0	0	0	0	0	0	0	0	0	0	0
LINC01204	LINE	L2a	0	0	0	0	0	0	0	0	0	0	0
LINC01471	LINE	L2a	0	0	0	0	0	0	0	0	0	0	0
LONRF3	LINE	L2a	0	0	0	0	0	0	0	0	0	0	0
LYARP1	LINE	L2a	0	0	0	0	0	0	0	0	0	0	0
LYL1	LINE	L2a	0	0	2	0	0	0	0	0	0	0	0
MIR1302-4	LINE	L2a	0	0	0	0	0	0	0	0	0	0	0
MIR4450	LINE	L2a	0	0	0	0	0	0	0	0	0	0	0
MIR543	LINE	L2a	0	0	0	0	0	0	0	0	0	0	0
MIR6781	LINE	L2a	0	0	0	0	12	12	0	0	0	0	0
MIXL1	LINE	L2a	0	0	0	0	0	0	0	0	0	0	0
MSRB3	LINE	L2a	0	0	0	0	0	0	0	0	0	0	0
NAV2-IT1	LINE	L2a	0	0	0	0	0	0	0	0	0	0	0
NMNAT1P1	LINE	L2a	0	0	0	0	0	0	2	0	0	0	0
NOMO3	LINE	L2a	0	0	0	0	0	0	0	0	0	0	0
OR2B3	LINE	L2a	0	0	0	0	0	0	0	0	0	0	0
OR2W1	LINE	L2a	0	0	0	0	0	0	0	0	0	0	0
OR52K3P	LINE	L2a	0	0	0	0	0	0	0	0	0	0	0
OTOA	LINE	L2a	0	0	10	12	0	12	0	18	12	0	0
PPBPP2	LINE	L2a	0	0	0	0	0	0	0	0	0	0	0
PRDX3P4	LINE	L2a	54	24	72	150	42	84	132	24	24	24	42
PXK	LINE	L2a	0	0	0	0	0	0	0	0	0	0	0
RGS21	LINE	L2a	0	0	0	0	0	0	0	0	0	0	2
RN7SL353P	LINE	L2a	0	0	0	0	0	0	0	0	0	0	0
RN7SL363P	LINE	L2a	0	0	0	0	0	0	0	0	0	0	0
RN7SL691P	LINE	L2a	0	0	0	0	0	0	0	0	0	0	0
RNA5SP468	LINE	L2a	0	0	0	0	0	0	0	0	0	0	0
RNA5SP486	LINE	L2a	0	0	0	0	0	0	0	0	0	0	0
RNU4-54P	LINE	L2a	0	0	0	0	0	0	0	0	0	0	0
RNU6-1135P	LINE	L2a	0	0	0	0	0	0	0	0	0	0	0
RNU6-209P	LINE	L2a	0	0	0	0	0	0	0	0	0	0	0
RNU6-377P	LINE	L2a	0	0	0	0	0	0	0	0	0	0	0
RNU6-448P	LINE	L2a	28	8	28	60	36	48	216	24	8	12	4
RNU6-912P	LINE	L2a	0	0	0	0	0	0	0	0	0	0	0
RNU6-962P	LINE	L2a	0	0	0	0	0	0	0	0	0	0	2
RP1-228P16.9	LINE	L2a	0	0	0	0	0	0	0	0	0	0	0
RP1-91G5.3	LINE	L2a	0	0	0	0	0	0	0	0	0	0	0
RP11-1017G21.5	LINE	L2a	0	0	0	0	0	0	0	0	0	0	0
RP11-101P17.14	LINE	L2a	0	0	0	0	0	0	0	0	0	0	0
RP11-109P14.2	LINE	L2a	0	0	0	0	0	0	0	0	0	0	0
RP11-118F19.1	LINE	L2a	0	0	0	0	0	0	0	0	16	0	6
RP11-138H10.2	LINE	L2a	0	0	0	0	0	0	0	0	0	0	0
RP11-264B17.4	LINE	L2a	0	4	2	4	2	4	34	22	6	8	6
RP11-264J4.10	LINE	L2a	0	0	0	0	0	0	0	0	0	0	0
RP11-285B24.1	LINE	L2a	0	0	0	0	0	0	0	0	0	0	0
RP11-285F7.2	LINE	L2a	0	0	0	0	0	0	0	0	0	0	4
RP11-319C21.1	LINE	L2a	0	0	0	0	0	0	0	0	0	0	0
RP11-333A23.3	LINE	L2a	0	0	0	0	0	0	0	0	0	0	0
RP11-358H9.1	LINE	L2a	0	0	0	0	0	0	0	0	0	0	0
RP11-379B8.1	LINE	L2a	0	0	0	0	0	0	0	0	0	0	0
RP11-415D17.1	LINE	L2a	6	4	2	10	0	10	14	0	6	0	0
RP11-429E11.2	LINE	L2a	0	0	0	0	0	0	0	0	2	0	0
RP11-51F16.9	LINE	L2a	0	0	0	0	0	0	2	0	0	0	0
RP11-562F9.3	LINE	L2a	0	0	0	0	0	0	0	0	0	0	0
RP11-626H12.3	LINE	L2a	0	0	0	0	0	0	0	2	0	2	0
RP11-628M2.1	LINE	L2a	0	0	0	0	0	0	0	0	0	0	0
RP11-641A6.8	LINE	L2a	0	0	0	0	0	0	0	0	0	0	0
RP11-646J21.6	LINE	L2a	20	16	12	20	0	0	56	8	16	8	0
RP11-659G9.3	LINE	L2a	0	0	0	0	0	0	0	0	0	0	0
RP11-669N7.3	LINE	L2a	0	0	0	0	0	0	0	0	0	0	0
RP11-689P11.2	LINE	L2a	0	0	0	0	0	0	0	0	0	0	0
RP11-71N10.1	LINE	L2a	0	0	0	0	0	0	0	0	0	0	0
RP11-722M1.1	LINE	L2a	0	0	0	0	0	0	0	0	0	0	0
RP11-729I10.2	LINE	L2a	48	24	44	244	40	84	280	52	32	24	8
RP11-749H20.1	LINE	L2a	0	0	0	0	0	0	0	0	0	0	0
RP11-76E17.1	LINE	L2a	0	0	0	0	0	0	0	0	0	0	0
RP11-81A1.7	LINE	L2a	0	0	0	0	0	0	0	0	0	0	0
RP11-822E23.2	LINE	L2a	0	0	2	2	2	0	2	0	2	0	0
RP11-87E22.1	LINE	L2a	0	0	0	0	0	0	0	0	0	0	0
RP11-883G14.4	LINE	L2a	0	0	0	0	0	0	0	0	0	0	0
RP11-973F15.2	LINE	L2a	0	0	0	0	0	0	0	0	0	0	0
RP4-594L9.2	LINE	L2a	0	0	0	0	2	0	4	0	0	0	0
RP4-597N16.4	LINE	L2a	0	0	0	0	0	0	0	0	0	0	0
RP5-1057B20.3	LINE	L2a	0	0	0	0	0	0	0	0	0	0	0
RPL10P1	LINE	L2a	0	0	0	0	0	0	0	0	0	0	0
RPL26	LINE	L2a	0	0	0	0	0	0	2	0	0	0	0
RPS27	LINE	L2a	0	2	0	0	0	0	10	0	2	0	0
RPS28	LINE	L2a	44	28	60	64	8	40	284	48	8	12	12
SLC19A3	LINE	L2a	0	0	0	0	0	0	0	0	0	0	0
SLC35A1	LINE	L2a	0	0	0	0	0	0	0	0	0	0	0
SMC1A	LINE	L2a	0	2	0	4	2	0	2	0	0	0	0
SMIM2-AS1	LINE	L2a	0	0	0	0	0	0	2	0	0	0	0
SMYD5	LINE	L2a	0	0	0	0	0	0	0	0	0	0	0
SNORA25	LINE	L2a	0	0	0	0	0	0	0	0	0	0	0
SNORD61	LINE	L2a	0	0	0	0	0	0	0	0	0	0	0
STAU1	LINE	L2a	0	0	0	0	0	0	0	0	0	0	0
TBC1D23	LINE	L2a	0	0	0	0	0	0	0	0	0	0	2
TMEM80	LINE	L2a	0	0	8	2	2	0	18	2	4	0	0
TMPRSS4-AS1	LINE	L2a	0	0	0	0	0	0	2	0	0	0	0
UBE3AP2	LINE	L2a	0	0	0	0	0	0	0	0	0	0	0
VAV3-AS1	LINE	L2a	6	0	18	6	6	12	180	18	0	0	6
WDR64	LINE	L2a	0	0	0	0	0	0	0	0	0	0	0
WEE2-AS1	LINE	L2a	6	2	6	2	12	10	26	6	2	0	8
Y_RNA	LINE	L2a	0	0	0	0	0	0	0	0	0	0	0
ZFYVE9P1	LINE	L2a	0	0	0	0	0	0	0	0	0	0	0
ZNF81	LINE	L2a	0	0	0	0	0	0	0	0	0	0	0
AC025165.1	LINE	L2b	0	2	0	6	2	0	10	0	0	0	0
AC098592.7	LINE	L2b	0	0	0	0	0	0	0	0	0	0	0
AP003471.1	LINE	L2b	0	0	0	0	0	0	0	0	0	0	2
AP2S1	LINE	L2b	0	0	0	0	0	0	0	0	0	0	0
ARMC3	LINE	L2b	0	0	0	0	0	0	0	0	0	0	0
BCLAF1	LINE	L2b	0	0	0	0	0	0	0	0	0	0	0
BGLT3	LINE	L2b	0	0	0	0	0	0	0	0	0	0	0
C5orf66-AS1	LINE	L2b	0	0	0	0	0	0	0	0	0	0	0
CDRT15P2	LINE	L2b	0	0	0	0	0	0	0	0	0	0	0
CNGA2	LINE	L2b	0	0	0	0	0	0	0	0	0	0	0
COPS8P3	LINE	L2b	0	2	6	4	2	0	16	0	0	0	4
CTB-164N12.1	LINE	L2b	0	0	0	0	0	0	0	0	0	0	0
CTD-2313F11.3	LINE	L2b	0	0	0	0	0	0	0	0	0	0	0
CTD-2313J17.5	LINE	L2b	0	0	0	0	0	0	0	0	0	0	0
CTD-3093M3.1	LINE	L2b	0	0	0	0	0	0	0	0	0	0	0
CTD-3137H5.5	LINE	L2b	0	0	0	0	0	0	0	0	0	0	0
CYP2D8P	LINE	L2b	0	0	0	0	0	0	0	0	0	0	0
CYP4F24P	LINE	L2b	0	0	0	0	0	0	0	0	0	0	0
EGOT	LINE	L2b	2	0	20	6	4	2	0	0	4	0	10
GMFG	LINE	L2b	2	0	0	0	2	0	2	0	0	0	0
GRIFIN	LINE	L2b	0	0	0	0	0	0	0	0	0	0	0
HS3ST1	LINE	L2b	0	0	0	0	0	0	0	0	0	0	0
HSD17B10	LINE	L2b	0	0	0	0	0	0	0	0	0	0	0
IK	LINE	L2b	0	0	0	0	0	0	0	0	0	0	0
IMP3	LINE	L2b	8	24	48	96	72	56	200	32	48	80	40
ITM2C	LINE	L2b	0	0	0	0	0	0	0	0	0	0	0
KCTD9P5	LINE	L2b	60	10	0	0	0	20	0	110	20	10	0
KDF1	LINE	L2b	0	0	0	0	0	0	0	0	0	0	0
KLHL35	LINE	L2b	0	0	0	0	0	0	0	0	0	0	0
KNOP1P5	LINE	L2b	0	0	0	0	0	0	0	0	0	0	0
KRT31	LINE	L2b	0	0	0	0	0	0	0	0	0	0	0
LINC01076	LINE	L2b	0	0	0	0	0	0	0	0	0	0	0
LINC01356	LINE	L2b	0	0	0	0	0	0	0	0	0	0	0
LINC01358	LINE	L2b	0	0	0	0	0	0	0	0	0	0	0
LINC01471	LINE	L2b	0	0	0	0	0	0	0	0	0	0	0
LONRF3	LINE	L2b	0	0	0	0	0	0	0	0	0	0	0
MIOS	LINE	L2b	0	0	4	2	2	0	0	2	0	0	8
MIR4513	LINE	L2b	6	4	0	2	0	0	18	2	2	4	6
MIR6745	LINE	L2b	0	0	2	0	0	0	0	0	0	0	0
MRPL49P1	LINE	L2b	0	0	0	0	0	0	0	0	0	0	0
NAV2-IT1	LINE	L2b	0	0	0	0	0	0	0	0	0	0	0
NPAS1	LINE	L2b	0	0	0	0	0	0	0	0	0	0	0
NUS1P4	LINE	L2b	0	0	0	0	0	0	0	0	0	0	0
OR52K3P	LINE	L2b	0	0	0	0	0	0	0	0	0	0	0
PDZD9	LINE	L2b	0	0	0	0	0	0	0	0	0	0	0
PEX3	LINE	L2b	0	0	0	2	0	0	4	0	0	0	0
PON2	LINE	L2b	0	0	0	0	0	0	0	0	0	0	0
PQLC2	LINE	L2b	10	6	10	14	0	2	62	10	2	2	12
PSMC1P1	LINE	L2b	0	0	0	0	0	0	0	0	0	0	0
PSMG3-AS1	LINE	L2b	0	0	0	0	0	0	0	0	0	0	0
PURB	LINE	L2b	0	0	0	0	0	2	0	0	0	0	0
PXK	LINE	L2b	0	0	0	0	0	0	0	0	0	0	0
RAB11FIP5	LINE	L2b	0	0	0	0	0	0	0	0	0	0	0
RN7SKP242	LINE	L2b	0	0	0	0	0	0	0	0	0	0	0
RN7SL771P	LINE	L2b	2	0	0	4	0	0	2	0	4	0	6
RNA5SP221	LINE	L2b	0	0	0	2	0	0	4	0	0	0	0
RNA5SP278	LINE	L2b	8	10	6	8	2	10	36	6	6	6	18
RNA5SP468	LINE	L2b	0	0	0	0	0	0	0	0	0	0	0
RNU4-54P	LINE	L2b	0	0	0	0	0	0	0	0	0	0	0
RNU6-962P	LINE	L2b	0	0	0	0	0	0	0	0	0	0	2
RP1-28H20.3	LINE	L2b	0	0	0	0	2	0	4	0	0	0	6
RP1-59D14.1	LINE	L2b	0	0	4	0	0	0	0	0	2	0	0
RP11-1017G21.5	LINE	L2b	0	0	0	0	0	0	0	0	0	0	0
RP11-104O19.4	LINE	L2b	0	0	0	0	0	0	2	0	0	0	0
RP11-1078H9.5	LINE	L2b	4	4	12	26	0	0	4	2	4	2	2
RP11-1109M24.16	LINE	L2b	0	0	0	0	0	0	0	0	0	0	0
RP11-128M1.1	LINE	L2b	0	0	0	0	0	0	0	0	0	0	0
RP11-12M9.4	LINE	L2b	0	0	0	0	0	0	0	0	0	0	0
RP11-20G13.2	LINE	L2b	0	0	0	0	0	0	0	0	0	0	0
RP11-264B17.4	LINE	L2b	0	2	0	8	2	2	10	30	0	8	12
RP11-286H15.1	LINE	L2b	0	0	0	0	0	0	4	0	0	0	0
RP11-297L17.6	LINE	L2b	0	0	0	0	0	0	0	0	0	0	0
RP11-327J17.1	LINE	L2b	0	0	2	0	0	0	0	0	6	0	0
RP11-369E15.4	LINE	L2b	0	0	0	0	0	0	0	0	0	0	0
RP11-385M4.3	LINE	L2b	0	0	0	0	0	0	0	0	0	0	0
RP11-396O20.1	LINE	L2b	0	0	0	0	0	0	0	0	0	0	0
RP11-413H22.2	LINE	L2b	38	44	72	142	106	60	220	40	22	32	24
RP11-434D2.7	LINE	L2b	0	0	0	0	0	0	0	2	0	0	0
RP11-449P1.1	LINE	L2b	0	0	0	0	0	0	0	0	0	0	0
RP11-628M2.1	LINE	L2b	0	0	0	0	0	0	0	0	0	0	0
RP11-641A6.8	LINE	L2b	0	0	0	0	0	0	0	0	0	0	0
RP5-1027O11.1	LINE	L2b	0	0	0	0	0	0	0	0	0	0	0
RP5-1112D6.7	LINE	L2b	0	0	0	0	0	0	0	0	0	0	0
RPL26	LINE	L2b	0	0	0	0	0	0	2	0	0	0	0
RPL29P22	LINE	L2b	0	0	0	0	0	0	0	0	0	0	0
RPL38P4	LINE	L2b	0	0	0	0	0	0	0	0	0	0	0
SLC1A6	LINE	L2b	0	0	0	0	0	0	0	0	0	0	0
SLITRK5	LINE	L2b	0	0	0	0	0	0	0	0	0	0	0
SMC1A	LINE	L2b	0	0	6	4	10	0	12	0	0	0	0
SMYD5	LINE	L2b	0	0	0	0	0	0	0	0	0	0	0
SNORA31	LINE	L2b	0	0	0	0	0	0	0	0	0	0	0
SNORD18	LINE	L2b	4	0	0	0	8	4	8	4	0	0	0
SNORD83A	LINE	L2b	0	0	0	0	0	0	0	2	0	0	0
SNORD83B	LINE	L2b	0	0	0	0	0	0	0	0	0	0	0
TMPRSS4-AS1	LINE	L2b	0	0	0	0	0	0	6	0	0	0	0
TPRX1	LINE	L2b	0	0	0	0	0	0	0	0	0	0	2
TRMT112P6	LINE	L2b	88	52	32	140	110	116	0	52	20	44	48
TRPC7-AS1	LINE	L2b	0	0	0	0	0	0	0	0	0	0	0
Y_RNA	LINE	L2b	0	0	0	0	0	0	0	0	0	0	0
YME1L1	LINE	L2b	4	0	2	0	8	4	2	0	0	0	8
ZNF436-AS1	LINE	L2b	6	18	8	44	16	4	62	2	12	14	10
AC004699.1	LINE	L2c	0	0	0	0	0	0	2	0	0	0	0
AC005048.1	LINE	L2c	0	0	0	0	0	0	0	0	0	0	0
AC007875.2	LINE	L2c	0	0	0	0	2	0	10	0	0	0	0
AC008992.1	LINE	L2c	0	0	0	0	0	0	0	0	0	0	0
AC009302.4	LINE	L2c	0	0	0	0	0	0	0	0	0	0	0
AC027807.1	LINE	L2c	2	0	0	12	14	8	14	4	6	6	0
AC091813.2	LINE	L2c	0	0	0	0	0	0	0	0	0	0	0
AC093807.1	LINE	L2c	18	0	18	18	24	12	30	6	0	6	44
AC112778.1	LINE	L2c	0	0	0	0	0	0	0	0	0	0	0
AGPAT4	LINE	L2c	0	0	0	0	0	0	0	0	0	0	0
AL109922.1	LINE	L2c	0	0	0	0	0	0	0	0	0	0	0
AL513487.1	LINE	L2c	0	0	0	0	0	0	0	0	0	0	0
AP006216.10	LINE	L2c	2	8	6	12	2	8	36	0	6	0	4
ARPC2	LINE	L2c	0	0	2	0	0	0	0	0	0	0	0
AURKC	LINE	L2c	0	0	0	0	0	0	0	0	0	0	2
C1orf87	LINE	L2c	0	0	0	0	0	0	0	0	0	0	0
C5orf66-AS1	LINE	L2c	0	0	0	0	0	0	0	0	0	0	0
CASP14	LINE	L2c	0	0	0	0	0	0	4	0	0	0	0
CCDC27	LINE	L2c	2	0	4	4	0	2	16	2	2	0	0
CDC42EP2	LINE	L2c	0	0	0	0	0	4	0	0	0	0	0
CHM	LINE	L2c	0	0	0	0	0	0	0	0	0	0	0
CICP16	LINE	L2c	0	0	0	0	0	0	0	0	0	0	0
CICP19	LINE	L2c	0	0	0	0	0	0	0	0	0	0	0
CTB-1H10.1	LINE	L2c	0	0	0	0	0	0	0	0	0	0	0
CTC-241N9.1	LINE	L2c	2	4	12	4	10	8	20	2	4	6	12
CTD-3224K15.3	LINE	L2c	6	0	4	2	2	2	18	0	6	0	2
CYCSP8	LINE	L2c	0	0	0	0	0	0	0	0	0	0	0
CYP4F24P	LINE	L2c	0	0	0	0	0	0	0	0	0	0	0
DDX4	LINE	L2c	0	0	0	0	0	0	0	0	0	0	0
EMP2	LINE	L2c	0	0	0	0	2	2	0	0	0	0	0
EPAS1	LINE	L2c	0	0	0	0	0	0	0	0	0	0	0
FAM133CP	LINE	L2c	0	0	0	0	0	0	0	0	0	0	0
GAN	LINE	L2c	0	0	0	0	0	0	0	0	0	0	2
GNRHR2P1	LINE	L2c	0	0	0	0	0	0	0	0	0	0	0
GRIFIN	LINE	L2c	0	0	0	0	2	0	0	0	0	0	2
GRIK2	LINE	L2c	0	0	0	0	0	0	0	0	0	0	0
GSTM1	LINE	L2c	0	0	0	0	0	0	0	0	0	0	0
HTR2B	LINE	L2c	8	8	16	58	18	24	102	6	8	6	4
IK	LINE	L2c	18	12	110	140	46	54	376	74	28	38	22
IMP3	LINE	L2c	0	0	0	0	0	0	0	0	0	0	0
KB-226F1.2	LINE	L2c	2	0	2	2	0	0	8	0	0	2	0
KIF21B	LINE	L2c	0	0	0	0	0	0	0	0	0	0	0
KISS1R	LINE	L2c	0	0	10	12	4	0	18	2	0	0	2
KLHDC1	LINE	L2c	0	0	0	0	0	0	0	0	0	0	0
KLHL20	LINE	L2c	0	0	0	0	0	0	0	0	0	0	2
KLHL38	LINE	L2c	0	0	0	0	0	0	0	0	0	0	0
KRTAP16-1	LINE	L2c	0	0	0	0	0	0	0	0	0	0	0
KRTAP29-1	LINE	L2c	0	0	0	0	0	0	0	0	0	0	0
LA16c-360H6.2	LINE	L2c	2	2	2	0	2	2	6	2	0	2	0
LCE6A	LINE	L2c	0	0	0	0	0	0	0	0	0	0	0
LDB2	LINE	L2c	0	0	0	0	0	0	0	0	0	0	0
LINC00399	LINE	L2c	0	0	0	0	0	0	0	0	0	0	0
LINC00459	LINE	L2c	0	0	0	0	0	0	0	0	0	0	0
LINC01471	LINE	L2c	0	0	0	0	0	0	0	0	0	0	0
LINC01556	LINE	L2c	0	0	0	0	0	0	0	0	0	0	0
LYARP1	LINE	L2c	0	0	0	0	0	0	0	0	0	0	0
MAMDC2-AS1	LINE	L2c	6	12	12	36	14	16	54	10	6	6	2
MCMBP	LINE	L2c	20	12	36	64	20	28	148	24	0	4	36
MELK	LINE	L2c	0	0	0	2	0	0	0	0	0	0	0
MFSD6L	LINE	L2c	0	0	0	0	0	0	0	0	0	0	0
MIR4696	LINE	L2c	0	0	0	0	0	0	0	2	0	0	0
MIR6745	LINE	L2c	0	0	4	0	0	0	0	0	0	0	8
MIR761	LINE	L2c	0	0	0	0	0	0	0	0	0	0	4
MRRFP1	LINE	L2c	0	0	0	0	0	0	0	0	0	0	0
MTND1P21	LINE	L2c	2	0	22	14	44	2	0	4	0	2	10
MYL12A	LINE	L2c	0	0	0	0	0	0	0	6	0	2	0
NFIA	LINE	L2c	0	0	0	0	0	0	0	0	0	0	0
NOMO3	LINE	L2c	0	0	0	0	0	0	0	0	0	0	0
NTAN1P2	LINE	L2c	0	0	0	0	4	2	0	0	0	0	0
OR51C1P	LINE	L2c	0	0	0	0	0	0	0	0	0	0	0
OR51E2	LINE	L2c	0	0	0	0	0	0	0	0	0	0	0
OR5K4	LINE	L2c	0	0	0	0	0	0	0	0	0	0	0
PLCG1-AS1	LINE	L2c	0	0	0	0	10	2	22	12	6	0	36
POMT2	LINE	L2c	4	0	10	32	8	2	30	6	0	0	2
PPBPP2	LINE	L2c	0	0	0	0	0	0	0	0	0	0	0
PRPF38B	LINE	L2c	0	0	0	0	0	0	0	0	0	0	0
PSMC1P1	LINE	L2c	0	0	0	0	0	0	0	0	0	0	0
RN7SKP297	LINE	L2c	0	0	0	0	0	0	0	0	0	0	0
RN7SL180P	LINE	L2c	0	0	0	0	0	0	0	0	0	0	0
RN7SL353P	LINE	L2c	0	0	0	0	0	0	0	0	0	0	0
RN7SL813P	LINE	L2c	0	0	0	0	0	0	4	0	0	0	0
RNA5SP283	LINE	L2c	0	0	0	2	4	0	0	0	0	0	4
RNA5SP306	LINE	L2c	0	0	0	0	0	0	0	0	0	0	0
RNA5SP460	LINE	L2c	0	0	0	0	0	0	0	0	0	0	0
RNPEP	LINE	L2c	0	0	0	0	0	0	0	0	0	0	0
RNU4-54P	LINE	L2c	0	0	0	0	0	0	4	0	0	0	0
RNU6-708P	LINE	L2c	0	0	0	0	0	0	0	0	0	0	0
RP1-166H1.2	LINE	L2c	0	0	0	0	0	0	0	0	0	0	0
RP1-63G5.5	LINE	L2c	0	0	0	0	0	0	0	0	0	0	0
RP11-1109M24.16	LINE	L2c	0	0	0	0	0	0	0	0	0	0	0
RP11-12D16.2	LINE	L2c	0	0	0	0	0	0	0	0	0	0	0
RP11-139J15.7	LINE	L2c	0	0	10	0	0	2	2	0	0	0	0
RP11-156K23.3	LINE	L2c	2	0	8	16	26	22	78	4	8	10	32
RP11-20G13.2	LINE	L2c	0	0	0	0	0	0	0	0	0	0	0
RP11-231C14.8	LINE	L2c	0	0	2	2	0	0	4	0	0	0	0
RP11-282C5.1	LINE	L2c	0	0	0	0	0	0	0	0	0	0	0
RP11-286H15.1	LINE	L2c	0	0	0	0	0	0	0	0	0	0	0
RP11-295D4.1	LINE	L2c	0	0	0	0	0	0	0	0	0	0	0
RP11-297L17.6	LINE	L2c	0	0	0	0	0	0	0	0	0	0	0
RP11-297M9.1	LINE	L2c	0	0	0	0	0	0	0	0	0	0	0
RP11-305A4.2	LINE	L2c	0	0	0	0	0	0	0	0	0	0	0
RP11-385M4.3	LINE	L2c	0	0	0	0	0	0	0	0	0	0	0
RP11-400F19.8	LINE	L2c	0	0	0	0	0	0	0	0	0	0	0
RP11-430L17.1	LINE	L2c	20	4	36	50	0	20	50	18	6	2	10
RP11-479O17.7	LINE	L2c	0	0	0	0	0	0	0	0	0	0	0
RP11-51F16.9	LINE	L2c	0	0	0	0	0	0	0	0	0	0	0
RP11-530A18.1	LINE	L2c	0	0	0	0	0	0	0	0	2	0	0
RP11-583F2.7	LINE	L2c	0	0	0	0	2	0	2	0	0	4	2
RP11-641C17.1	LINE	L2c	0	0	0	0	0	0	0	0	0	0	0
RP11-646J21.6	LINE	L2c	0	0	0	0	0	0	0	0	0	0	0
RP11-655G22.1	LINE	L2c	0	0	0	0	0	0	0	0	0	0	0
RP11-659G9.3	LINE	L2c	0	0	0	0	0	0	0	0	0	0	0
RP11-65J21.3	LINE	L2c	0	0	0	0	0	0	0	0	0	0	0
RP11-669N7.3	LINE	L2c	0	0	0	0	0	0	0	0	0	0	0
RP11-6L6.4	LINE	L2c	0	0	0	2	0	0	0	0	0	0	0
RP11-722M1.1	LINE	L2c	0	0	0	0	0	0	0	0	0	0	0
RP11-8J9.5	LINE	L2c	0	0	0	0	0	0	0	0	0	0	0
RP11-91P24.5	LINE	L2c	0	0	4	2	0	0	0	0	0	0	6
RP13-13A3.1	LINE	L2c	0	0	0	2	0	0	0	0	0	0	0
RP13-279N23.2	LINE	L2c	0	0	0	0	0	0	0	0	0	0	0
RP3-332O11.2	LINE	L2c	0	0	0	0	0	0	0	0	0	0	0
RP4-594L9.2	LINE	L2c	0	0	0	0	2	0	4	0	0	0	0
RP4-597N16.4	LINE	L2c	0	0	0	0	0	0	0	0	0	0	0
RP4-803A2.2	LINE	L2c	0	0	0	0	0	0	0	0	0	0	0
RP5-1042K10.12	LINE	L2c	36	12	48	120	30	60	186	30	30	6	72
RP5-1053E7.2	LINE	L2c	2	0	0	2	0	0	2	0	0	0	0
RPL21P8	LINE	L2c	12	4	44	16	44	0	144	12	0	8	6
SFTPC	LINE	L2c	0	0	0	0	0	0	0	0	0	0	0
SLC35A1	LINE	L2c	0	0	0	0	0	0	0	0	0	0	0
SMIM2-AS1	LINE	L2c	0	0	0	0	0	0	6	0	0	0	0
SNORA26	LINE	L2c	10	2	0	2	2	4	30	2	2	2	2
SNORD15A	LINE	L2c	0	0	0	0	0	0	0	0	0	0	0
SPTY2D1-AS1	LINE	L2c	0	0	0	0	0	0	0	0	0	0	0
SZRD1	LINE	L2c	8	4	10	16	4	6	56	8	6	12	0
TBX10	LINE	L2c	0	0	0	0	0	0	0	0	0	0	0
TEP1	LINE	L2c	0	0	0	0	0	0	0	0	0	0	0
TOB1	LINE	L2c	0	0	0	0	0	0	0	0	0	0	0
TRBJ2-1	LINE	L2c	0	0	0	0	0	0	0	0	0	0	0
TRBJ2-2	LINE	L2c	0	0	0	0	0	0	0	0	0	0	0
TRBJ2-2P	LINE	L2c	0	0	0	0	0	0	0	0	0	0	0
TRBJ2-3	LINE	L2c	0	0	0	0	0	0	0	0	0	0	0
TRBJ2-4	LINE	L2c	0	0	0	0	0	0	0	0	0	0	0
TRBJ2-5	LINE	L2c	0	0	0	0	0	0	0	0	0	0	0
TRIM63	LINE	L2c	0	0	0	0	0	0	0	0	0	0	0
TTC13	LINE	L2c	4	8	24	2	8	4	120	16	4	4	4
VTRNA2-1	LINE	L2c	0	0	0	0	0	0	0	0	0	0	0
WT1-AS	LINE	L2c	0	0	4	0	0	0	0	0	0	0	0
Y_RNA	LINE	L2c	16	0	64	64	44	56	192	28	24	28	28
ZNF32	LINE	L2c	0	0	0	0	0	0	0	0	0	0	0
AL159140.1	LINE	L2d	0	0	0	0	0	0	0	0	0	0	0
AL162511.1	LINE	L2d	0	0	0	0	0	0	0	0	0	0	0
BRINP2	LINE	L2d	0	0	0	0	0	0	4	0	0	2	0
CCDC142	LINE	L2d	0	0	4	0	4	4	12	4	2	0	6
CCDC167	LINE	L2d	0	0	0	0	0	0	0	0	0	0	0
CRISP2	LINE	L2d	0	0	0	0	0	0	2	0	0	0	0
GALNT2	LINE	L2d	0	0	0	0	0	0	0	0	0	0	0
HECTD1	LINE	L2d	0	0	0	0	0	0	0	0	0	0	0
KRT18P57	LINE	L2d	6	0	4	28	16	4	20	0	0	12	0
LDHAP4	LINE	L2d	0	0	0	0	0	0	0	0	0	0	0
LINC01471	LINE	L2d	0	0	0	0	0	0	0	0	0	0	0
LRCH4	LINE	L2d	0	0	0	0	0	0	0	0	0	0	0
LRP5	LINE	L2d	0	0	0	0	0	0	0	0	0	0	0
Metazoa_SRP	LINE	L2d	2	0	10	28	14	2	34	4	0	10	4
MIR4696	LINE	L2d	0	0	0	0	0	0	0	2	0	0	0
MIR635	LINE	L2d	0	0	0	0	2	0	6	0	0	0	0
PXK	LINE	L2d	0	0	0	0	0	0	0	0	0	0	0
RNA5SP306	LINE	L2d	0	0	0	0	0	0	0	0	0	2	0
RNU6-448P	LINE	L2d	14	4	14	30	18	24	108	12	4	6	2
RNU6-566P	LINE	L2d	0	0	0	0	0	0	0	0	0	0	0
RP1-309H15.2	LINE	L2d	0	0	0	0	0	0	0	0	0	0	0
RP1-45C12.1	LINE	L2d	4	0	10	0	6	0	12	4	0	0	4
RP1-91G5.3	LINE	L2d	0	0	0	0	0	0	0	0	0	0	0
RP11-1109M24.16	LINE	L2d	0	0	0	0	0	0	0	0	0	0	0
RP11-12D16.2	LINE	L2d	0	0	0	0	0	0	0	0	0	0	0
RP11-156K23.3	LINE	L2d	0	0	4	6	10	10	34	2	4	4	10
RP11-215P8.4	LINE	L2d	0	0	0	0	0	0	0	0	0	0	0
RP11-386G11.8	LINE	L2d	0	0	0	0	6	0	0	0	0	0	6
RP11-415D17.1	LINE	L2d	6	4	2	10	0	10	14	0	6	0	0
RP11-452L6.7	LINE	L2d	10	16	22	54	14	12	134	16	10	18	26
RP11-973F15.2	LINE	L2d	0	0	0	0	0	0	0	0	0	0	0
RP13-13A3.1	LINE	L2d	0	0	0	2	0	0	0	0	0	0	0
RPL7P37	LINE	L2d	0	0	0	0	0	0	0	0	0	0	0
SNORA40	LINE	L2d	0	0	0	0	0	0	0	0	0	0	0
TRIM46	LINE	L2d	0	0	0	0	0	0	0	0	0	0	0
Y_RNA	LINE	L2d	8	0	32	32	22	28	96	14	12	14	14
ABBA01031664.1	LINE	L2d2	0	0	0	0	0	0	0	0	0	0	0
AC000123.3	LINE	L2d2	0	0	0	0	0	0	0	0	0	0	0
AC004019.10	LINE	L2d2	0	0	0	0	0	0	0	0	0	0	0
AC004906.3	LINE	L2d2	0	0	0	0	2	0	4	0	0	0	0
AC092484.1	LINE	L2d2	0	0	0	0	0	0	0	0	0	0	0
AC104655.2	LINE	L2d2	0	0	0	0	0	0	0	0	0	0	0
AC105760.2	LINE	L2d2	20	12	64	148	32	28	208	40	32	24	24
AC112219.1	LINE	L2d2	0	0	0	0	0	0	0	0	0	0	0
AC121332.1	LINE	L2d2	0	0	4	0	0	0	36	12	0	0	0
AL117380.2	LINE	L2d2	0	0	0	0	0	0	0	0	0	0	0
AL133493.2	LINE	L2d2	0	0	0	0	0	0	0	0	0	0	0
AL353731.1	LINE	L2d2	0	0	0	0	0	0	0	0	0	0	0
BCL7B	LINE	L2d2	0	0	0	2	0	0	0	0	0	0	4
CCDC42	LINE	L2d2	0	0	0	0	0	0	0	0	0	0	0
CTD-2021J15.1	LINE	L2d2	4	0	10	2	4	8	10	10	8	10	2
CTD-2050B12.1	LINE	L2d2	0	0	0	0	0	0	0	0	0	0	0
CYP21A2	LINE	L2d2	20	0	0	656	4	24	2	0	0	4	0
FBXO28	LINE	L2d2	0	2	0	0	0	0	0	0	0	0	0
GMFG	LINE	L2d2	2	0	0	0	2	0	2	2	0	0	0
HS3ST1	LINE	L2d2	0	0	0	0	0	0	0	0	0	0	0
INVS	LINE	L2d2	20	4	36	52	0	60	182	0	16	40	16
ITGB8	LINE	L2d2	0	0	0	0	0	0	0	0	0	0	0
KLHDC1	LINE	L2d2	0	0	0	0	0	0	0	0	0	0	0
LINC01356	LINE	L2d2	0	0	0	0	0	0	0	0	0	0	0
LINC01358	LINE	L2d2	0	0	0	0	0	0	0	0	0	0	0
LONRF3	LINE	L2d2	0	0	0	0	0	0	0	0	0	0	0
MAML1	LINE	L2d2	2	0	48	64	4	12	50	2	2	2	22
Metazoa_SRP	LINE	L2d2	2	0	10	28	14	2	34	4	0	10	4
MIR635	LINE	L2d2	0	0	0	0	0	0	0	0	0	0	0
MIXL1	LINE	L2d2	0	0	0	0	0	0	0	0	0	0	0
NUFIP1	LINE	L2d2	14	0	22	32	12	8	44	14	2	4	20
OR52K3P	LINE	L2d2	0	0	0	0	0	0	0	0	0	0	0
PIK3CG	LINE	L2d2	0	0	0	0	0	0	0	0	0	0	0
POMT2	LINE	L2d2	0	2	22	6	12	6	48	14	4	2	0
PP2672	LINE	L2d2	0	0	0	0	0	0	0	0	0	0	0
PSMC1P1	LINE	L2d2	0	0	0	0	0	0	0	0	0	0	0
PURB	LINE	L2d2	0	0	0	0	0	0	0	0	0	0	6
RN7SL353P	LINE	L2d2	0	0	0	0	0	0	0	0	0	0	0
RN7SL813P	LINE	L2d2	0	0	0	0	0	0	4	0	0	0	0
RNU6-1208P	LINE	L2d2	0	0	2	0	0	0	6	0	2	0	0
RNU6-38P	LINE	L2d2	0	0	0	0	0	0	0	0	0	0	0
RNU7-137P	LINE	L2d2	0	0	0	0	0	0	0	0	0	0	0
RNU7-90P	LINE	L2d2	0	0	0	0	2	0	0	0	0	0	0
RP1-28H20.3	LINE	L2d2	0	0	2	0	0	2	6	0	0	2	2
RP11-385M4.3	LINE	L2d2	0	0	0	0	0	0	0	0	0	0	0
RP11-413H22.2	LINE	L2d2	38	44	72	142	112	60	224	40	22	32	24
RP11-456H18.1	LINE	L2d2	0	0	0	0	0	0	0	0	0	0	0
RP11-573M3.5	LINE	L2d2	0	0	0	0	0	0	0	0	0	0	0
RP11-619I22.1	LINE	L2d2	0	0	0	0	0	0	0	0	0	0	0
RP11-644F5.11	LINE	L2d2	0	0	0	0	0	0	0	0	0	0	0
RP11-72H11.1	LINE	L2d2	0	0	0	0	0	0	2	0	0	0	0
RP13-1016M1.2	LINE	L2d2	0	0	0	0	0	0	0	0	0	0	0
RPL38P4	LINE	L2d2	0	0	0	0	0	0	0	0	0	0	0
SMIM2-AS1	LINE	L2d2	0	0	0	0	0	0	4	0	0	0	0
SMPD2	LINE	L2d2	4	0	4	0	0	0	24	0	0	0	0
SNORA16	LINE	L2d2	2	2	2	12	0	0	0	4	4	2	0
TOB2	LINE	L2d2	2	0	0	0	0	0	0	0	0	0	0
TRIM68	LINE	L2d2	0	0	0	0	0	0	0	0	0	0	0
TRPC7-AS1	LINE	L2d2	0	0	0	0	0	0	0	0	0	0	0
TTC13	LINE	L2d2	2	4	12	2	4	2	60	8	2	2	2
WEE2-AS1	LINE	L2d2	42	16	72	140	94	92	258	42	20	22	40
ZFYVE9P1	LINE	L2d2	0	0	0	0	0	0	0	0	0	0	0
ACA59	LINE	L3	0	0	0	0	2	0	0	0	0	0	2
ATP5G2P3	LINE	L3	4	4	14	8	16	8	32	2	4	2	8
C1orf87	LINE	L3	0	0	0	0	2	0	0	0	2	0	0
CGB1	LINE	L3	0	0	0	0	0	0	0	0	0	0	0
CTB-131K11.1	LINE	L3	10	6	4	8	16	10	32	4	12	6	4
CTD-2033A16.1	LINE	L3	0	0	0	0	0	0	0	0	0	0	0
CTD-2526A2.2	LINE	L3	0	0	0	0	0	0	0	0	0	0	0
FAM171A2	LINE	L3	0	0	0	0	0	0	0	4	0	0	0
KLHL35	LINE	L3	0	0	0	0	0	0	0	0	0	0	0
KRT31	LINE	L3	0	0	0	0	0	0	0	0	0	0	0
LINC01556	LINE	L3	0	0	0	0	0	0	0	0	0	0	0
MIR4696	LINE	L3	0	0	0	0	0	0	0	2	0	0	0
MT1XP1	LINE	L3	0	0	0	0	0	0	0	0	0	0	2
NUS1P4	LINE	L3	0	0	0	0	0	0	0	0	0	0	0
PDHB	LINE	L3	0	0	0	0	4	0	0	0	0	0	0
PEX6	LINE	L3	2	0	4	10	4	2	20	0	8	6	16
RN7SL363P	LINE	L3	0	0	0	0	0	0	0	0	0	0	0
RN7SL691P	LINE	L3	0	0	0	0	0	0	0	0	0	0	0
RN7SL813P	LINE	L3	0	0	0	0	0	0	4	0	0	0	0
RP1-197O17.3	LINE	L3	0	0	0	0	0	0	0	0	0	0	0
RP1-45C12.1	LINE	L3	0	0	0	0	0	0	0	0	0	0	0
RP1-63G5.7	LINE	L3	0	0	0	0	0	0	0	0	0	0	0
RP11-157L3.10	LINE	L3	0	0	0	0	0	0	0	0	0	0	0
RP11-264J4.10	LINE	L3	0	0	0	0	0	0	0	0	0	0	0
RP11-274A11.4	LINE	L3	0	0	0	0	0	0	0	0	0	0	0
RP11-371I20.2	LINE	L3	0	0	0	0	0	0	0	0	0	0	0
RP11-583F2.7	LINE	L3	0	0	0	0	0	0	0	0	0	2	0
RP11-713C19.2	LINE	L3	0	0	0	0	0	0	0	0	0	0	0
RP11-744D14.1	LINE	L3	0	0	0	0	0	0	0	0	0	0	0
RP5-1057B20.3	LINE	L3	0	0	0	0	0	0	0	0	0	0	0
RPL7L1P5	LINE	L3	0	0	0	0	0	0	0	4	0	0	0
SNORD18	LINE	L3	6	0	0	12	0	0	12	0	0	0	0
Z69666.2	LINE	L3	6	2	12	22	12	4	30	0	2	0	6
AL162511.1	LINE	L3b	0	0	0	0	0	0	0	0	0	0	0
CACNB3	LINE	L3b	0	0	0	0	0	0	0	0	0	0	0
CHM	LINE	L3b	0	0	0	0	0	0	0	0	0	0	0
CTD-2023J5.1	LINE	L3b	0	0	0	0	0	0	0	0	0	0	0
FAM171A2	LINE	L3b	0	0	0	0	0	0	0	2	0	0	0
MFSD6L	LINE	L3b	0	0	0	0	0	0	0	0	0	0	0
OR6W1P	LINE	L3b	0	0	0	0	0	0	0	0	0	0	0
RN7SKP119	LINE	L3b	0	0	0	0	0	0	0	0	0	0	0
RP11-336A10.2	LINE	L3b	6	0	20	32	20	10	78	8	6	0	16
RP11-431K24.2	LINE	L3b	0	0	0	0	0	0	0	0	0	0	0
RPL7L1P5	LINE	L3b	0	0	0	0	0	0	0	2	0	0	0
SEMA6B	LINE	L3b	0	0	0	0	2	0	0	0	0	0	0
RNU6-448P	LINE	L4_A_Mam	14	4	14	30	18	24	108	12	4	6	2
RP11-173L6.1	LINE	L4_A_Mam	0	0	0	0	0	0	0	0	0	0	0
BAATP1	LINE	L4_B_Mam	0	0	0	0	0	0	0	0	0	0	0
RP11-158M2.4	LINE	L4_B_Mam	0	0	0	0	0	0	0	0	2	0	0
RP11-173L6.1	LINE	L4_B_Mam	0	0	0	0	0	0	0	0	0	0	0
RP11-285F7.2	LINE	L4_B_Mam	0	0	0	0	0	0	0	0	0	0	0
EMP2	LINE	L4_C_Mam	0	0	0	0	0	0	0	0	0	0	0
RN7SL771P	LINE	L4_C_Mam	2	0	0	4	0	0	2	0	4	0	6
RP11-50B3.4	LINE	L4_C_Mam	0	0	2	0	6	0	2	2	0	0	6
OR4X1	LINE	L5	0	0	0	0	0	0	0	0	0	0	0
AC079610.2	LINE	MamRTE1	0	8	32	40	12	8	100	28	12	4	52
AC112778.1	LINE	MamRTE1	0	0	0	0	0	0	0	0	0	0	0
ACTR1B	LINE	MamRTE1	0	0	2	0	0	0	2	0	0	0	0
CTD-2383M3.1	LINE	MamRTE1	4	10	12	14	4	2	30	6	6	6	8
DDX18P1	LINE	MamRTE1	4	4	18	44	8	4	70	6	0	8	10
GALNT2	LINE	MamRTE1	0	0	0	0	0	0	0	0	0	0	0
LINC01076	LINE	MamRTE1	0	0	0	0	0	0	0	0	0	0	0
MIR2392	LINE	MamRTE1	0	0	0	0	0	0	0	0	0	0	0
MIR526A2	LINE	MamRTE1	0	0	0	0	0	0	0	0	0	2	0
MIS18A-AS1	LINE	MamRTE1	2	0	0	2	2	4	16	4	2	2	2
NOMO3	LINE	MamRTE1	0	0	0	0	0	0	0	0	0	0	0
OR2J3	LINE	MamRTE1	0	0	0	0	0	0	0	0	0	0	0
RNASE10	LINE	MamRTE1	0	0	0	0	0	0	0	0	0	0	0
RNU1-82P	LINE	MamRTE1	0	0	0	4	2	0	0	0	0	0	2
RP11-511B23.1	LINE	MamRTE1	0	0	0	2	0	0	0	0	0	0	0
RP13-279N23.2	LINE	MamRTE1	0	0	0	0	0	0	0	0	0	0	0
RPL26P3	LINE	MARE6	0	0	0	0	0	0	0	0	0	0	0
KRTAP16-1	LINE	Plat_L3	0	0	0	0	2	0	0	0	0	0	0
RP11-154H12.2	LINE	Plat_L3	0	0	0	0	0	0	0	0	0	0	0
RP11-677M14.2	LINE	Plat_L3	0	0	0	0	0	0	0	0	0	0	0
RP5-1053E7.2	LINE	Plat_L3	2	0	0	2	0	0	2	0	0	0	0
PDZD9	LINE	UCON49	0	2	2	18	8	2	20	4	8	4	4
NFIA	LINE	X12_LINE	0	0	0	0	0	0	0	0	0	0	0
RP11-641C17.1	LINE	X12_LINE	0	0	0	0	0	0	0	0	0	0	0
ADAMTS6	LINE	X15_LINE	0	0	0	0	0	0	0	0	0	0	0
AP003471.1	LINE	X21_LINE	0	0	0	0	0	0	0	0	0	0	2
KNOP1P5	LINE	X24_LINE	0	0	0	0	0	0	0	0	0	0	0
MIR6745	LINE	X24_LINE	0	0	2	0	0	0	0	0	0	0	0
RP11-473M20.7	LINE	X6B_LINE	0	0	0	2	2	0	0	0	0	0	0
Y_RNA	LINE	X7A_LINE	0	0	0	0	0	0	0	0	0	0	0
ATP6V1E2	LINE	X7B_LINE	34	18	80	174	14	76	144	20	28	58	16
VAV3-AS1	LINE	X7B_LINE	2	0	6	2	2	4	60	6	0	0	2
RP11-432M8.9	LINE	X8_LINE	0	0	0	0	0	0	0	0	0	0	0
